,cell_barcode,clone_id
M04-1,cell_1,7
M04-1,cell_10,7
M04-1,cell_100,7
M04-1,cell_101,2
M04-1,cell_102,2
M04-1,cell_103,7
M04-1,cell_104,2
M04-1,cell_105,7
M04-1,cell_106,2
M04-1,cell_107,7
M04-1,cell_108,7
M04-1,cell_109,7
M04-1,cell_11,7
M04-1,cell_110,7
M04-1,cell_111,7
M04-1,cell_112,7
M04-1,cell_113,7
M04-1,cell_114,7
M04-1,cell_115,7
M04-1,cell_116,2
M04-1,cell_117,8
M04-1,cell_118,7
M04-1,cell_119,7
M04-1,cell_12,7
M04-1,cell_120,7
M04-1,cell_121,2
M04-1,cell_122,7
M04-1,cell_123,7
M04-1,cell_124,7
M04-1,cell_125,7
M04-1,cell_126,2
M04-1,cell_127,7
M04-1,cell_128,7
M04-1,cell_129,2
M04-1,cell_13,7
M04-1,cell_130,7
M04-1,cell_131,7
M04-1,cell_132,7
M04-1,cell_133,8
M04-1,cell_134,7
M04-1,cell_135,7
M04-1,cell_136,2
M04-1,cell_137,7
M04-1,cell_138,7
M04-1,cell_139,7
M04-1,cell_14,7
M04-1,cell_140,7
M04-1,cell_141,7
M04-1,cell_142,7
M04-1,cell_143,7
M04-1,cell_144,2
M04-1,cell_145,2
M04-1,cell_146,7
M04-1,cell_147,7
M04-1,cell_148,7
M04-1,cell_149,7
M04-1,cell_15,7
M04-1,cell_150,8
M04-1,cell_151,7
M04-1,cell_152,7
M04-1,cell_153,7
M04-1,cell_154,7
M04-1,cell_155,7
M04-1,cell_156,7
M04-1,cell_157,7
M04-1,cell_158,7
M04-1,cell_159,7
M04-1,cell_16,7
M04-1,cell_160,5
M04-1,cell_161,7
M04-1,cell_162,8
M04-1,cell_163,7
M04-1,cell_164,7
M04-1,cell_165,7
M04-1,cell_166,7
M04-1,cell_167,7
M04-1,cell_168,2
M04-1,cell_169,2
M04-1,cell_17,7
M04-1,cell_170,7
M04-1,cell_171,7
M04-1,cell_172,7
M04-1,cell_173,7
M04-1,cell_174,7
M04-1,cell_175,7
M04-1,cell_176,7
M04-1,cell_177,7
M04-1,cell_178,7
M04-1,cell_179,7
M04-1,cell_18,7
M04-1,cell_180,2
M04-1,cell_181,7
M04-1,cell_182,7
M04-1,cell_183,7
M04-1,cell_184,7
M04-1,cell_185,7
M04-1,cell_186,7
M04-1,cell_187,7
M04-1,cell_188,7
M04-1,cell_189,7
M04-1,cell_19,7
M04-1,cell_190,7
M04-1,cell_191,7
M04-1,cell_192,7
M04-1,cell_193,2
M04-1,cell_194,7
M04-1,cell_195,8
M04-1,cell_196,7
M04-1,cell_197,7
M04-1,cell_198,7
M04-1,cell_199,7
M04-1,cell_2,7
M04-1,cell_20,7
M04-1,cell_200,7
M04-1,cell_201,7
M04-1,cell_202,7
M04-1,cell_203,7
M04-1,cell_204,7
M04-1,cell_205,7
M04-1,cell_206,7
M04-1,cell_207,2
M04-1,cell_208,7
M04-1,cell_209,7
M04-1,cell_21,2
M04-1,cell_210,7
M04-1,cell_211,7
M04-1,cell_212,7
M04-1,cell_213,7
M04-1,cell_214,7
M04-1,cell_215,7
M04-1,cell_216,7
M04-1,cell_217,2
M04-1,cell_218,7
M04-1,cell_219,7
M04-1,cell_22,7
M04-1,cell_220,7
M04-1,cell_221,7
M04-1,cell_222,7
M04-1,cell_223,7
M04-1,cell_224,7
M04-1,cell_225,2
M04-1,cell_226,7
M04-1,cell_227,7
M04-1,cell_228,2
M04-1,cell_229,7
M04-1,cell_23,7
M04-1,cell_230,2
M04-1,cell_231,7
M04-1,cell_232,2
M04-1,cell_233,2
M04-1,cell_234,7
M04-1,cell_235,2
M04-1,cell_236,7
M04-1,cell_237,7
M04-1,cell_238,8
M04-1,cell_239,7
M04-1,cell_24,7
M04-1,cell_240,7
M04-1,cell_241,2
M04-1,cell_242,2
M04-1,cell_243,7
M04-1,cell_244,2
M04-1,cell_245,7
M04-1,cell_246,8
M04-1,cell_247,7
M04-1,cell_248,7
M04-1,cell_249,2
M04-1,cell_25,2
M04-1,cell_250,7
M04-1,cell_251,7
M04-1,cell_252,8
M04-1,cell_253,7
M04-1,cell_254,7
M04-1,cell_255,7
M04-1,cell_256,7
M04-1,cell_257,7
M04-1,cell_258,7
M04-1,cell_259,2
M04-1,cell_26,7
M04-1,cell_260,7
M04-1,cell_261,7
M04-1,cell_262,7
M04-1,cell_263,7
M04-1,cell_264,7
M04-1,cell_265,2
M04-1,cell_266,7
M04-1,cell_267,7
M04-1,cell_268,7
M04-1,cell_269,7
M04-1,cell_27,2
M04-1,cell_270,7
M04-1,cell_271,7
M04-1,cell_272,2
M04-1,cell_273,7
M04-1,cell_274,7
M04-1,cell_275,7
M04-1,cell_276,8
M04-1,cell_277,7
M04-1,cell_278,7
M04-1,cell_279,7
M04-1,cell_28,7
M04-1,cell_280,7
M04-1,cell_281,7
M04-1,cell_282,7
M04-1,cell_283,7
M04-1,cell_284,7
M04-1,cell_285,7
M04-1,cell_286,7
M04-1,cell_287,7
M04-1,cell_288,2
M04-1,cell_289,7
M04-1,cell_29,7
M04-1,cell_290,2
M04-1,cell_291,7
M04-1,cell_292,7
M04-1,cell_293,8
M04-1,cell_294,7
M04-1,cell_295,7
M04-1,cell_296,7
M04-1,cell_297,8
M04-1,cell_298,2
M04-1,cell_299,7
M04-1,cell_3,7
M04-1,cell_30,2
M04-1,cell_300,2
M04-1,cell_301,2
M04-1,cell_302,7
M04-1,cell_303,7
M04-1,cell_304,2
M04-1,cell_305,2
M04-1,cell_306,7
M04-1,cell_307,7
M04-1,cell_308,7
M04-1,cell_309,7
M04-1,cell_31,2
M04-1,cell_310,7
M04-1,cell_311,2
M04-1,cell_312,7
M04-1,cell_313,2
M04-1,cell_314,7
M04-1,cell_315,7
M04-1,cell_316,7
M04-1,cell_317,8
M04-1,cell_318,2
M04-1,cell_319,7
M04-1,cell_32,7
M04-1,cell_320,7
M04-1,cell_321,7
M04-1,cell_322,7
M04-1,cell_323,7
M04-1,cell_324,7
M04-1,cell_325,7
M04-1,cell_326,2
M04-1,cell_327,7
M04-1,cell_328,7
M04-1,cell_329,7
M04-1,cell_33,8
M04-1,cell_330,7
M04-1,cell_331,7
M04-1,cell_332,7
M04-1,cell_333,7
M04-1,cell_334,7
M04-1,cell_335,2
M04-1,cell_336,7
M04-1,cell_337,7
M04-1,cell_338,7
M04-1,cell_339,7
M04-1,cell_34,8
M04-1,cell_340,8
M04-1,cell_341,2
M04-1,cell_342,7
M04-1,cell_343,7
M04-1,cell_344,7
M04-1,cell_345,2
M04-1,cell_346,2
M04-1,cell_347,7
M04-1,cell_348,7
M04-1,cell_349,2
M04-1,cell_35,7
M04-1,cell_350,7
M04-1,cell_351,7
M04-1,cell_352,7
M04-1,cell_353,7
M04-1,cell_354,7
M04-1,cell_355,7
M04-1,cell_356,2
M04-1,cell_357,7
M04-1,cell_358,7
M04-1,cell_359,7
M04-1,cell_36,7
M04-1,cell_360,7
M04-1,cell_361,7
M04-1,cell_362,7
M04-1,cell_363,2
M04-1,cell_364,7
M04-1,cell_365,7
M04-1,cell_366,7
M04-1,cell_367,2
M04-1,cell_368,7
M04-1,cell_369,7
M04-1,cell_37,2
M04-1,cell_370,7
M04-1,cell_371,7
M04-1,cell_372,7
M04-1,cell_373,7
M04-1,cell_374,7
M04-1,cell_375,7
M04-1,cell_376,7
M04-1,cell_377,7
M04-1,cell_378,7
M04-1,cell_379,2
M04-1,cell_38,7
M04-1,cell_380,7
M04-1,cell_381,2
M04-1,cell_382,7
M04-1,cell_383,7
M04-1,cell_384,7
M04-1,cell_385,7
M04-1,cell_386,7
M04-1,cell_387,7
M04-1,cell_388,2
M04-1,cell_389,7
M04-1,cell_39,7
M04-1,cell_390,7
M04-1,cell_391,7
M04-1,cell_392,7
M04-1,cell_393,7
M04-1,cell_394,7
M04-1,cell_395,7
M04-1,cell_396,7
M04-1,cell_397,7
M04-1,cell_398,7
M04-1,cell_399,7
M04-1,cell_4,2
M04-1,cell_40,2
M04-1,cell_400,7
M04-1,cell_401,7
M04-1,cell_402,7
M04-1,cell_403,7
M04-1,cell_404,7
M04-1,cell_405,7
M04-1,cell_406,8
M04-1,cell_407,7
M04-1,cell_408,2
M04-1,cell_409,7
M04-1,cell_41,7
M04-1,cell_410,2
M04-1,cell_411,7
M04-1,cell_412,7
M04-1,cell_413,7
M04-1,cell_414,7
M04-1,cell_415,7
M04-1,cell_416,2
M04-1,cell_417,7
M04-1,cell_418,7
M04-1,cell_419,2
M04-1,cell_42,7
M04-1,cell_420,2
M04-1,cell_421,7
M04-1,cell_422,2
M04-1,cell_423,7
M04-1,cell_424,7
M04-1,cell_425,7
M04-1,cell_426,7
M04-1,cell_427,7
M04-1,cell_428,2
M04-1,cell_429,7
M04-1,cell_43,2
M04-1,cell_430,7
M04-1,cell_431,7
M04-1,cell_432,7
M04-1,cell_433,7
M04-1,cell_434,7
M04-1,cell_435,8
M04-1,cell_436,8
M04-1,cell_437,7
M04-1,cell_438,7
M04-1,cell_439,7
M04-1,cell_44,7
M04-1,cell_440,2
M04-1,cell_441,2
M04-1,cell_442,7
M04-1,cell_443,7
M04-1,cell_444,7
M04-1,cell_445,7
M04-1,cell_446,7
M04-1,cell_447,7
M04-1,cell_448,7
M04-1,cell_449,7
M04-1,cell_45,7
M04-1,cell_450,7
M04-1,cell_451,7
M04-1,cell_452,7
M04-1,cell_453,7
M04-1,cell_454,7
M04-1,cell_455,7
M04-1,cell_456,2
M04-1,cell_457,7
M04-1,cell_458,7
M04-1,cell_459,7
M04-1,cell_46,2
M04-1,cell_460,7
M04-1,cell_461,7
M04-1,cell_462,7
M04-1,cell_463,7
M04-1,cell_464,7
M04-1,cell_465,7
M04-1,cell_466,2
M04-1,cell_467,7
M04-1,cell_468,7
M04-1,cell_469,7
M04-1,cell_47,7
M04-1,cell_470,7
M04-1,cell_471,7
M04-1,cell_472,2
M04-1,cell_473,7
M04-1,cell_474,7
M04-1,cell_475,7
M04-1,cell_476,7
M04-1,cell_477,7
M04-1,cell_478,7
M04-1,cell_479,2
M04-1,cell_48,7
M04-1,cell_480,7
M04-1,cell_481,7
M04-1,cell_482,7
M04-1,cell_483,7
M04-1,cell_484,7
M04-1,cell_485,7
M04-1,cell_486,2
M04-1,cell_487,7
M04-1,cell_488,2
M04-1,cell_489,7
M04-1,cell_49,7
M04-1,cell_490,7
M04-1,cell_491,2
M04-1,cell_492,7
M04-1,cell_493,7
M04-1,cell_494,7
M04-1,cell_495,7
M04-1,cell_496,7
M04-1,cell_497,7
M04-1,cell_498,7
M04-1,cell_499,7
M04-1,cell_5,7
M04-1,cell_50,7
M04-1,cell_500,7
M04-1,cell_501,2
M04-1,cell_502,7
M04-1,cell_503,7
M04-1,cell_504,7
M04-1,cell_505,7
M04-1,cell_506,2
M04-1,cell_507,2
M04-1,cell_508,7
M04-1,cell_509,2
M04-1,cell_51,7
M04-1,cell_510,7
M04-1,cell_511,2
M04-1,cell_512,7
M04-1,cell_513,2
M04-1,cell_514,7
M04-1,cell_515,7
M04-1,cell_516,7
M04-1,cell_517,8
M04-1,cell_518,2
M04-1,cell_519,7
M04-1,cell_52,2
M04-1,cell_520,7
M04-1,cell_521,2
M04-1,cell_522,7
M04-1,cell_523,7
M04-1,cell_524,2
M04-1,cell_525,2
M04-1,cell_526,7
M04-1,cell_527,7
M04-1,cell_528,2
M04-1,cell_529,7
M04-1,cell_53,7
M04-1,cell_530,2
M04-1,cell_531,7
M04-1,cell_532,7
M04-1,cell_533,8
M04-1,cell_534,7
M04-1,cell_535,7
M04-1,cell_536,7
M04-1,cell_537,7
M04-1,cell_538,7
M04-1,cell_539,7
M04-1,cell_54,7
M04-1,cell_540,2
M04-1,cell_541,7
M04-1,cell_542,7
M04-1,cell_543,7
M04-1,cell_544,7
M04-1,cell_545,7
M04-1,cell_546,8
M04-1,cell_547,2
M04-1,cell_548,7
M04-1,cell_549,7
M04-1,cell_55,2
M04-1,cell_550,2
M04-1,cell_551,7
M04-1,cell_552,7
M04-1,cell_553,8
M04-1,cell_554,7
M04-1,cell_555,2
M04-1,cell_556,7
M04-1,cell_557,7
M04-1,cell_558,7
M04-1,cell_559,2
M04-1,cell_56,7
M04-1,cell_560,7
M04-1,cell_561,2
M04-1,cell_562,7
M04-1,cell_563,7
M04-1,cell_564,7
M04-1,cell_565,7
M04-1,cell_566,7
M04-1,cell_567,7
M04-1,cell_568,2
M04-1,cell_569,7
M04-1,cell_57,7
M04-1,cell_570,7
M04-1,cell_571,7
M04-1,cell_572,7
M04-1,cell_573,2
M04-1,cell_574,7
M04-1,cell_575,7
M04-1,cell_576,7
M04-1,cell_577,2
M04-1,cell_578,7
M04-1,cell_579,7
M04-1,cell_58,2
M04-1,cell_580,7
M04-1,cell_581,7
M04-1,cell_582,7
M04-1,cell_583,2
M04-1,cell_584,7
M04-1,cell_585,7
M04-1,cell_586,2
M04-1,cell_587,2
M04-1,cell_588,8
M04-1,cell_589,7
M04-1,cell_59,7
M04-1,cell_590,7
M04-1,cell_591,6
M04-1,cell_592,7
M04-1,cell_593,2
M04-1,cell_594,7
M04-1,cell_595,7
M04-1,cell_596,2
M04-1,cell_597,7
M04-1,cell_598,2
M04-1,cell_599,7
M04-1,cell_6,2
M04-1,cell_60,7
M04-1,cell_600,7
M04-1,cell_601,2
M04-1,cell_602,2
M04-1,cell_603,7
M04-1,cell_604,5
M04-1,cell_605,7
M04-1,cell_606,7
M04-1,cell_607,7
M04-1,cell_608,7
M04-1,cell_609,2
M04-1,cell_61,7
M04-1,cell_610,7
M04-1,cell_611,7
M04-1,cell_612,7
M04-1,cell_613,7
M04-1,cell_614,7
M04-1,cell_615,7
M04-1,cell_616,8
M04-1,cell_617,7
M04-1,cell_618,7
M04-1,cell_619,7
M04-1,cell_62,7
M04-1,cell_620,5
M04-1,cell_621,7
M04-1,cell_622,2
M04-1,cell_623,2
M04-1,cell_624,2
M04-1,cell_625,7
M04-1,cell_626,7
M04-1,cell_627,8
M04-1,cell_628,2
M04-1,cell_629,7
M04-1,cell_63,7
M04-1,cell_630,7
M04-1,cell_631,7
M04-1,cell_632,2
M04-1,cell_633,7
M04-1,cell_634,7
M04-1,cell_635,7
M04-1,cell_636,7
M04-1,cell_637,7
M04-1,cell_638,7
M04-1,cell_639,2
M04-1,cell_64,7
M04-1,cell_640,7
M04-1,cell_641,7
M04-1,cell_642,7
M04-1,cell_643,7
M04-1,cell_644,2
M04-1,cell_645,7
M04-1,cell_646,7
M04-1,cell_647,7
M04-1,cell_648,7
M04-1,cell_649,7
M04-1,cell_65,7
M04-1,cell_650,7
M04-1,cell_651,7
M04-1,cell_652,7
M04-1,cell_653,7
M04-1,cell_654,2
M04-1,cell_655,7
M04-1,cell_656,2
M04-1,cell_657,7
M04-1,cell_658,8
M04-1,cell_659,2
M04-1,cell_66,7
M04-1,cell_660,2
M04-1,cell_661,2
M04-1,cell_662,7
M04-1,cell_663,2
M04-1,cell_664,7
M04-1,cell_665,7
M04-1,cell_666,2
M04-1,cell_667,7
M04-1,cell_668,7
M04-1,cell_669,7
M04-1,cell_67,7
M04-1,cell_670,7
M04-1,cell_671,2
M04-1,cell_672,7
M04-1,cell_673,7
M04-1,cell_674,7
M04-1,cell_675,7
M04-1,cell_676,2
M04-1,cell_677,2
M04-1,cell_678,7
M04-1,cell_679,7
M04-1,cell_68,7
M04-1,cell_680,2
M04-1,cell_681,6
M04-1,cell_682,7
M04-1,cell_683,7
M04-1,cell_684,7
M04-1,cell_685,2
M04-1,cell_686,7
M04-1,cell_687,7
M04-1,cell_688,7
M04-1,cell_689,7
M04-1,cell_69,7
M04-1,cell_690,7
M04-1,cell_691,2
M04-1,cell_692,7
M04-1,cell_693,7
M04-1,cell_694,2
M04-1,cell_695,8
M04-1,cell_696,7
M04-1,cell_697,7
M04-1,cell_698,2
M04-1,cell_699,2
M04-1,cell_7,2
M04-1,cell_70,7
M04-1,cell_700,7
M04-1,cell_701,7
M04-1,cell_702,8
M04-1,cell_703,7
M04-1,cell_704,7
M04-1,cell_705,7
M04-1,cell_706,7
M04-1,cell_707,7
M04-1,cell_708,7
M04-1,cell_709,2
M04-1,cell_71,7
M04-1,cell_710,7
M04-1,cell_711,2
M04-1,cell_712,7
M04-1,cell_713,7
M04-1,cell_714,7
M04-1,cell_715,2
M04-1,cell_716,7
M04-1,cell_717,2
M04-1,cell_718,7
M04-1,cell_719,7
M04-1,cell_72,2
M04-1,cell_720,7
M04-1,cell_721,2
M04-1,cell_722,8
M04-1,cell_723,2
M04-1,cell_724,7
M04-1,cell_725,7
M04-1,cell_726,7
M04-1,cell_727,7
M04-1,cell_728,8
M04-1,cell_729,7
M04-1,cell_73,2
M04-1,cell_730,7
M04-1,cell_731,2
M04-1,cell_732,7
M04-1,cell_733,7
M04-1,cell_734,7
M04-1,cell_735,2
M04-1,cell_736,7
M04-1,cell_737,2
M04-1,cell_738,2
M04-1,cell_739,7
M04-1,cell_74,7
M04-1,cell_740,2
M04-1,cell_741,7
M04-1,cell_742,7
M04-1,cell_743,7
M04-1,cell_744,7
M04-1,cell_745,2
M04-1,cell_746,2
M04-1,cell_747,7
M04-1,cell_748,7
M04-1,cell_749,5
M04-1,cell_75,7
M04-1,cell_750,7
M04-1,cell_751,7
M04-1,cell_752,7
M04-1,cell_753,7
M04-1,cell_754,7
M04-1,cell_755,2
M04-1,cell_756,7
M04-1,cell_757,7
M04-1,cell_758,7
M04-1,cell_759,2
M04-1,cell_76,8
M04-1,cell_760,2
M04-1,cell_761,7
M04-1,cell_762,7
M04-1,cell_763,7
M04-1,cell_764,7
M04-1,cell_765,2
M04-1,cell_766,7
M04-1,cell_767,7
M04-1,cell_768,7
M04-1,cell_769,8
M04-1,cell_77,8
M04-1,cell_770,7
M04-1,cell_771,7
M04-1,cell_772,7
M04-1,cell_773,7
M04-1,cell_774,7
M04-1,cell_775,7
M04-1,cell_776,7
M04-1,cell_777,7
M04-1,cell_778,2
M04-1,cell_779,7
M04-1,cell_78,2
M04-1,cell_780,2
M04-1,cell_781,7
M04-1,cell_782,7
M04-1,cell_783,7
M04-1,cell_784,7
M04-1,cell_785,7
M04-1,cell_786,7
M04-1,cell_787,7
M04-1,cell_788,7
M04-1,cell_789,7
M04-1,cell_79,7
M04-1,cell_790,2
M04-1,cell_791,2
M04-1,cell_792,7
M04-1,cell_793,7
M04-1,cell_794,7
M04-1,cell_795,7
M04-1,cell_796,7
M04-1,cell_797,7
M04-1,cell_798,2
M04-1,cell_799,7
M04-1,cell_8,2
M04-1,cell_80,2
M04-1,cell_800,7
M04-1,cell_801,7
M04-1,cell_802,7
M04-1,cell_803,7
M04-1,cell_804,7
M04-1,cell_805,2
M04-1,cell_806,6
M04-1,cell_807,7
M04-1,cell_808,7
M04-1,cell_809,7
M04-1,cell_81,7
M04-1,cell_810,7
M04-1,cell_811,7
M04-1,cell_812,7
M04-1,cell_813,7
M04-1,cell_814,7
M04-1,cell_815,7
M04-1,cell_816,2
M04-1,cell_817,2
M04-1,cell_818,2
M04-1,cell_819,2
M04-1,cell_82,7
M04-1,cell_820,7
M04-1,cell_821,7
M04-1,cell_822,2
M04-1,cell_823,7
M04-1,cell_824,7
M04-1,cell_825,7
M04-1,cell_826,7
M04-1,cell_827,7
M04-1,cell_828,7
M04-1,cell_829,7
M04-1,cell_83,7
M04-1,cell_830,7
M04-1,cell_831,8
M04-1,cell_832,7
M04-1,cell_833,2
M04-1,cell_834,7
M04-1,cell_835,7
M04-1,cell_836,7
M04-1,cell_837,7
M04-1,cell_838,7
M04-1,cell_839,7
M04-1,cell_84,7
M04-1,cell_840,8
M04-1,cell_841,7
M04-1,cell_842,7
M04-1,cell_843,7
M04-1,cell_844,2
M04-1,cell_845,8
M04-1,cell_846,7
M04-1,cell_847,2
M04-1,cell_848,2
M04-1,cell_849,2
M04-1,cell_85,2
M04-1,cell_850,7
M04-1,cell_851,7
M04-1,cell_852,7
M04-1,cell_853,7
M04-1,cell_854,2
M04-1,cell_855,7
M04-1,cell_856,7
M04-1,cell_857,2
M04-1,cell_858,8
M04-1,cell_859,7
M04-1,cell_86,2
M04-1,cell_860,2
M04-1,cell_861,2
M04-1,cell_862,7
M04-1,cell_863,7
M04-1,cell_864,7
M04-1,cell_865,7
M04-1,cell_866,7
M04-1,cell_867,2
M04-1,cell_868,2
M04-1,cell_869,7
M04-1,cell_87,7
M04-1,cell_870,7
M04-1,cell_871,2
M04-1,cell_872,7
M04-1,cell_873,5
M04-1,cell_874,7
M04-1,cell_875,2
M04-1,cell_876,7
M04-1,cell_877,7
M04-1,cell_878,7
M04-1,cell_879,7
M04-1,cell_88,2
M04-1,cell_880,2
M04-1,cell_881,7
M04-1,cell_882,2
M04-1,cell_883,7
M04-1,cell_884,2
M04-1,cell_885,7
M04-1,cell_886,7
M04-1,cell_887,7
M04-1,cell_888,2
M04-1,cell_889,2
M04-1,cell_89,2
M04-1,cell_890,8
M04-1,cell_891,7
M04-1,cell_892,2
M04-1,cell_893,7
M04-1,cell_894,2
M04-1,cell_895,7
M04-1,cell_896,2
M04-1,cell_897,7
M04-1,cell_898,7
M04-1,cell_899,7
M04-1,cell_9,7
M04-1,cell_90,7
M04-1,cell_900,7
M04-1,cell_901,7
M04-1,cell_902,2
M04-1,cell_903,7
M04-1,cell_904,7
M04-1,cell_905,7
M04-1,cell_906,7
M04-1,cell_907,7
M04-1,cell_908,2
M04-1,cell_909,7
M04-1,cell_91,7
M04-1,cell_910,7
M04-1,cell_911,1
M04-1,cell_912,2
M04-1,cell_913,7
M04-1,cell_914,7
M04-1,cell_915,7
M04-1,cell_916,7
M04-1,cell_917,7
M04-1,cell_918,7
M04-1,cell_919,7
M04-1,cell_92,7
M04-1,cell_920,7
M04-1,cell_921,2
M04-1,cell_922,7
M04-1,cell_923,7
M04-1,cell_924,7
M04-1,cell_925,7
M04-1,cell_926,7
M04-1,cell_927,2
M04-1,cell_928,7
M04-1,cell_929,7
M04-1,cell_93,7
M04-1,cell_930,2
M04-1,cell_931,2
M04-1,cell_932,7
M04-1,cell_933,7
M04-1,cell_934,7
M04-1,cell_935,8
M04-1,cell_936,2
M04-1,cell_937,7
M04-1,cell_938,8
M04-1,cell_939,7
M04-1,cell_94,7
M04-1,cell_940,7
M04-1,cell_941,2
M04-1,cell_942,7
M04-1,cell_943,7
M04-1,cell_944,2
M04-1,cell_945,2
M04-1,cell_946,7
M04-1,cell_947,7
M04-1,cell_948,7
M04-1,cell_949,7
M04-1,cell_95,2
M04-1,cell_950,7
M04-1,cell_951,7
M04-1,cell_952,7
M04-1,cell_953,7
M04-1,cell_954,7
M04-1,cell_955,7
M04-1,cell_956,2
M04-1,cell_957,7
M04-1,cell_958,7
M04-1,cell_959,7
M04-1,cell_96,7
M04-1,cell_960,7
M04-1,cell_961,7
M04-1,cell_962,7
M04-1,cell_963,7
M04-1,cell_964,2
M04-1,cell_965,7
M04-1,cell_966,7
M04-1,cell_967,2
M04-1,cell_968,7
M04-1,cell_969,7
M04-1,cell_97,7
M04-1,cell_970,2
M04-1,cell_971,7
M04-1,cell_972,7
M04-1,cell_973,7
M04-1,cell_974,7
M04-1,cell_975,7
M04-1,cell_976,7
M04-1,cell_977,7
M04-1,cell_978,7
M04-1,cell_979,8
M04-1,cell_98,7
M04-1,cell_980,7
M04-1,cell_981,7
M04-1,cell_982,7
M04-1,cell_983,7
M04-1,cell_984,7
M04-1,cell_985,7
M04-1,cell_986,7
M04-1,cell_987,7
M04-1,cell_99,8
M04-2,cell_1,4
M04-2,cell_10,2
M04-2,cell_100,4
M04-2,cell_101,4
M04-2,cell_102,2
M04-2,cell_103,2
M04-2,cell_104,2
M04-2,cell_105,4
M04-2,cell_106,2
M04-2,cell_107,2
M04-2,cell_108,4
M04-2,cell_109,4
M04-2,cell_11,2
M04-2,cell_110,4
M04-2,cell_111,2
M04-2,cell_112,2
M04-2,cell_113,4
M04-2,cell_114,2
M04-2,cell_115,4
M04-2,cell_116,2
M04-2,cell_117,2
M04-2,cell_118,4
M04-2,cell_119,2
M04-2,cell_12,2
M04-2,cell_120,4
M04-2,cell_121,2
M04-2,cell_122,4
M04-2,cell_123,4
M04-2,cell_124,4
M04-2,cell_125,4
M04-2,cell_126,2
M04-2,cell_127,2
M04-2,cell_128,4
M04-2,cell_129,2
M04-2,cell_13,4
M04-2,cell_130,4
M04-2,cell_131,8
M04-2,cell_132,4
M04-2,cell_133,2
M04-2,cell_134,4
M04-2,cell_135,4
M04-2,cell_136,4
M04-2,cell_137,2
M04-2,cell_138,4
M04-2,cell_139,2
M04-2,cell_14,2
M04-2,cell_140,2
M04-2,cell_141,2
M04-2,cell_142,2
M04-2,cell_143,4
M04-2,cell_144,2
M04-2,cell_145,2
M04-2,cell_146,2
M04-2,cell_147,4
M04-2,cell_148,2
M04-2,cell_149,4
M04-2,cell_15,4
M04-2,cell_150,4
M04-2,cell_151,4
M04-2,cell_152,2
M04-2,cell_153,2
M04-2,cell_154,4
M04-2,cell_155,4
M04-2,cell_156,2
M04-2,cell_157,2
M04-2,cell_158,2
M04-2,cell_159,2
M04-2,cell_16,4
M04-2,cell_160,2
M04-2,cell_161,2
M04-2,cell_162,2
M04-2,cell_163,4
M04-2,cell_164,4
M04-2,cell_165,4
M04-2,cell_166,4
M04-2,cell_167,4
M04-2,cell_168,6
M04-2,cell_169,2
M04-2,cell_17,2
M04-2,cell_170,4
M04-2,cell_171,4
M04-2,cell_172,2
M04-2,cell_173,4
M04-2,cell_174,4
M04-2,cell_175,2
M04-2,cell_176,8
M04-2,cell_177,2
M04-2,cell_178,2
M04-2,cell_179,2
M04-2,cell_18,2
M04-2,cell_180,4
M04-2,cell_181,4
M04-2,cell_182,4
M04-2,cell_183,4
M04-2,cell_184,2
M04-2,cell_185,4
M04-2,cell_186,2
M04-2,cell_187,2
M04-2,cell_188,2
M04-2,cell_189,4
M04-2,cell_19,2
M04-2,cell_190,4
M04-2,cell_191,2
M04-2,cell_192,2
M04-2,cell_193,2
M04-2,cell_194,2
M04-2,cell_195,2
M04-2,cell_196,4
M04-2,cell_197,2
M04-2,cell_198,4
M04-2,cell_199,4
M04-2,cell_2,4
M04-2,cell_20,4
M04-2,cell_200,4
M04-2,cell_201,4
M04-2,cell_202,4
M04-2,cell_203,8
M04-2,cell_204,4
M04-2,cell_205,4
M04-2,cell_206,2
M04-2,cell_207,2
M04-2,cell_208,2
M04-2,cell_209,2
M04-2,cell_21,2
M04-2,cell_210,4
M04-2,cell_211,8
M04-2,cell_212,4
M04-2,cell_213,2
M04-2,cell_214,2
M04-2,cell_215,2
M04-2,cell_216,4
M04-2,cell_217,4
M04-2,cell_218,4
M04-2,cell_219,2
M04-2,cell_22,2
M04-2,cell_220,4
M04-2,cell_221,4
M04-2,cell_222,4
M04-2,cell_223,4
M04-2,cell_224,4
M04-2,cell_225,4
M04-2,cell_226,4
M04-2,cell_227,4
M04-2,cell_228,4
M04-2,cell_229,4
M04-2,cell_23,4
M04-2,cell_230,2
M04-2,cell_231,2
M04-2,cell_232,4
M04-2,cell_233,4
M04-2,cell_234,6
M04-2,cell_235,7
M04-2,cell_236,4
M04-2,cell_237,2
M04-2,cell_238,4
M04-2,cell_239,4
M04-2,cell_24,4
M04-2,cell_240,4
M04-2,cell_241,2
M04-2,cell_242,6
M04-2,cell_243,4
M04-2,cell_244,2
M04-2,cell_245,2
M04-2,cell_246,2
M04-2,cell_247,2
M04-2,cell_248,4
M04-2,cell_249,4
M04-2,cell_25,2
M04-2,cell_250,2
M04-2,cell_251,4
M04-2,cell_252,4
M04-2,cell_253,2
M04-2,cell_254,4
M04-2,cell_255,2
M04-2,cell_256,2
M04-2,cell_257,4
M04-2,cell_258,4
M04-2,cell_259,4
M04-2,cell_26,4
M04-2,cell_260,2
M04-2,cell_261,2
M04-2,cell_262,4
M04-2,cell_263,4
M04-2,cell_264,4
M04-2,cell_265,4
M04-2,cell_266,4
M04-2,cell_267,4
M04-2,cell_268,2
M04-2,cell_269,4
M04-2,cell_27,4
M04-2,cell_270,2
M04-2,cell_271,2
M04-2,cell_272,2
M04-2,cell_273,4
M04-2,cell_274,2
M04-2,cell_275,2
M04-2,cell_276,2
M04-2,cell_277,4
M04-2,cell_278,4
M04-2,cell_279,4
M04-2,cell_28,4
M04-2,cell_280,2
M04-2,cell_281,4
M04-2,cell_282,4
M04-2,cell_283,2
M04-2,cell_284,2
M04-2,cell_285,4
M04-2,cell_286,2
M04-2,cell_287,2
M04-2,cell_288,2
M04-2,cell_289,4
M04-2,cell_29,2
M04-2,cell_290,4
M04-2,cell_291,2
M04-2,cell_292,2
M04-2,cell_293,2
M04-2,cell_294,4
M04-2,cell_295,4
M04-2,cell_296,2
M04-2,cell_297,2
M04-2,cell_298,2
M04-2,cell_299,2
M04-2,cell_3,2
M04-2,cell_30,4
M04-2,cell_300,4
M04-2,cell_301,2
M04-2,cell_302,2
M04-2,cell_303,2
M04-2,cell_304,2
M04-2,cell_305,2
M04-2,cell_306,4
M04-2,cell_307,2
M04-2,cell_308,4
M04-2,cell_309,2
M04-2,cell_31,2
M04-2,cell_310,4
M04-2,cell_311,4
M04-2,cell_312,4
M04-2,cell_313,2
M04-2,cell_314,7
M04-2,cell_315,4
M04-2,cell_316,4
M04-2,cell_317,4
M04-2,cell_318,4
M04-2,cell_319,4
M04-2,cell_32,4
M04-2,cell_320,2
M04-2,cell_321,4
M04-2,cell_322,4
M04-2,cell_323,4
M04-2,cell_324,2
M04-2,cell_325,4
M04-2,cell_326,2
M04-2,cell_327,4
M04-2,cell_328,4
M04-2,cell_329,4
M04-2,cell_33,4
M04-2,cell_330,8
M04-2,cell_331,4
M04-2,cell_332,2
M04-2,cell_333,2
M04-2,cell_334,4
M04-2,cell_335,8
M04-2,cell_336,4
M04-2,cell_337,4
M04-2,cell_338,2
M04-2,cell_339,4
M04-2,cell_34,2
M04-2,cell_340,2
M04-2,cell_341,2
M04-2,cell_342,2
M04-2,cell_343,4
M04-2,cell_344,4
M04-2,cell_345,2
M04-2,cell_346,2
M04-2,cell_347,4
M04-2,cell_348,4
M04-2,cell_349,2
M04-2,cell_35,2
M04-2,cell_350,4
M04-2,cell_351,4
M04-2,cell_352,4
M04-2,cell_353,2
M04-2,cell_354,2
M04-2,cell_355,2
M04-2,cell_356,2
M04-2,cell_357,2
M04-2,cell_358,2
M04-2,cell_359,4
M04-2,cell_36,4
M04-2,cell_360,2
M04-2,cell_361,4
M04-2,cell_362,2
M04-2,cell_363,4
M04-2,cell_364,4
M04-2,cell_365,4
M04-2,cell_366,4
M04-2,cell_367,2
M04-2,cell_368,2
M04-2,cell_369,4
M04-2,cell_37,2
M04-2,cell_370,4
M04-2,cell_371,4
M04-2,cell_372,4
M04-2,cell_373,2
M04-2,cell_374,2
M04-2,cell_375,2
M04-2,cell_376,2
M04-2,cell_377,4
M04-2,cell_378,4
M04-2,cell_379,4
M04-2,cell_38,4
M04-2,cell_380,4
M04-2,cell_381,4
M04-2,cell_382,2
M04-2,cell_383,2
M04-2,cell_384,2
M04-2,cell_385,4
M04-2,cell_386,2
M04-2,cell_387,2
M04-2,cell_388,2
M04-2,cell_389,2
M04-2,cell_39,2
M04-2,cell_390,4
M04-2,cell_391,2
M04-2,cell_392,4
M04-2,cell_393,2
M04-2,cell_394,4
M04-2,cell_395,4
M04-2,cell_396,4
M04-2,cell_397,2
M04-2,cell_398,2
M04-2,cell_399,4
M04-2,cell_4,2
M04-2,cell_40,4
M04-2,cell_400,2
M04-2,cell_401,2
M04-2,cell_402,2
M04-2,cell_403,2
M04-2,cell_404,4
M04-2,cell_405,4
M04-2,cell_406,4
M04-2,cell_407,4
M04-2,cell_408,2
M04-2,cell_409,4
M04-2,cell_41,2
M04-2,cell_410,2
M04-2,cell_411,2
M04-2,cell_412,2
M04-2,cell_413,4
M04-2,cell_414,2
M04-2,cell_415,2
M04-2,cell_416,2
M04-2,cell_417,4
M04-2,cell_418,4
M04-2,cell_419,2
M04-2,cell_42,4
M04-2,cell_420,4
M04-2,cell_421,4
M04-2,cell_422,2
M04-2,cell_423,4
M04-2,cell_424,4
M04-2,cell_425,2
M04-2,cell_426,2
M04-2,cell_427,2
M04-2,cell_428,4
M04-2,cell_429,2
M04-2,cell_43,4
M04-2,cell_430,4
M04-2,cell_431,2
M04-2,cell_432,4
M04-2,cell_433,4
M04-2,cell_434,2
M04-2,cell_435,2
M04-2,cell_436,2
M04-2,cell_437,4
M04-2,cell_438,4
M04-2,cell_439,4
M04-2,cell_44,2
M04-2,cell_440,2
M04-2,cell_441,4
M04-2,cell_442,4
M04-2,cell_443,2
M04-2,cell_444,4
M04-2,cell_445,4
M04-2,cell_446,2
M04-2,cell_447,4
M04-2,cell_448,2
M04-2,cell_449,2
M04-2,cell_45,2
M04-2,cell_450,4
M04-2,cell_451,2
M04-2,cell_452,4
M04-2,cell_453,2
M04-2,cell_454,2
M04-2,cell_455,2
M04-2,cell_456,4
M04-2,cell_457,4
M04-2,cell_458,2
M04-2,cell_459,2
M04-2,cell_46,2
M04-2,cell_460,4
M04-2,cell_461,4
M04-2,cell_462,2
M04-2,cell_463,4
M04-2,cell_464,2
M04-2,cell_465,2
M04-2,cell_466,5
M04-2,cell_467,4
M04-2,cell_468,4
M04-2,cell_469,2
M04-2,cell_47,4
M04-2,cell_470,4
M04-2,cell_471,2
M04-2,cell_472,4
M04-2,cell_473,2
M04-2,cell_474,2
M04-2,cell_475,4
M04-2,cell_476,2
M04-2,cell_477,2
M04-2,cell_478,2
M04-2,cell_479,2
M04-2,cell_48,4
M04-2,cell_480,4
M04-2,cell_481,2
M04-2,cell_482,4
M04-2,cell_483,2
M04-2,cell_484,4
M04-2,cell_485,4
M04-2,cell_486,4
M04-2,cell_487,2
M04-2,cell_488,4
M04-2,cell_489,4
M04-2,cell_49,4
M04-2,cell_490,4
M04-2,cell_491,2
M04-2,cell_492,2
M04-2,cell_493,4
M04-2,cell_494,2
M04-2,cell_495,4
M04-2,cell_496,4
M04-2,cell_497,2
M04-2,cell_498,4
M04-2,cell_499,2
M04-2,cell_5,2
M04-2,cell_50,4
M04-2,cell_500,2
M04-2,cell_501,2
M04-2,cell_502,2
M04-2,cell_503,2
M04-2,cell_504,2
M04-2,cell_505,4
M04-2,cell_506,4
M04-2,cell_507,2
M04-2,cell_508,2
M04-2,cell_509,4
M04-2,cell_51,4
M04-2,cell_510,4
M04-2,cell_511,2
M04-2,cell_512,4
M04-2,cell_513,2
M04-2,cell_514,2
M04-2,cell_515,4
M04-2,cell_516,4
M04-2,cell_517,4
M04-2,cell_518,4
M04-2,cell_519,4
M04-2,cell_52,2
M04-2,cell_520,2
M04-2,cell_521,2
M04-2,cell_522,2
M04-2,cell_523,4
M04-2,cell_524,4
M04-2,cell_525,2
M04-2,cell_526,4
M04-2,cell_527,4
M04-2,cell_528,4
M04-2,cell_529,2
M04-2,cell_53,2
M04-2,cell_530,4
M04-2,cell_531,2
M04-2,cell_532,2
M04-2,cell_533,2
M04-2,cell_534,4
M04-2,cell_535,4
M04-2,cell_536,2
M04-2,cell_537,2
M04-2,cell_538,4
M04-2,cell_539,4
M04-2,cell_54,4
M04-2,cell_540,4
M04-2,cell_541,4
M04-2,cell_542,4
M04-2,cell_543,4
M04-2,cell_544,2
M04-2,cell_545,2
M04-2,cell_546,2
M04-2,cell_547,2
M04-2,cell_548,2
M04-2,cell_549,2
M04-2,cell_55,4
M04-2,cell_550,2
M04-2,cell_551,2
M04-2,cell_552,2
M04-2,cell_553,4
M04-2,cell_554,2
M04-2,cell_555,4
M04-2,cell_556,2
M04-2,cell_557,4
M04-2,cell_558,4
M04-2,cell_559,4
M04-2,cell_56,2
M04-2,cell_560,4
M04-2,cell_561,2
M04-2,cell_562,2
M04-2,cell_563,2
M04-2,cell_564,4
M04-2,cell_565,4
M04-2,cell_566,4
M04-2,cell_567,2
M04-2,cell_568,2
M04-2,cell_569,4
M04-2,cell_57,4
M04-2,cell_570,4
M04-2,cell_571,2
M04-2,cell_572,4
M04-2,cell_573,4
M04-2,cell_574,2
M04-2,cell_575,4
M04-2,cell_576,4
M04-2,cell_577,4
M04-2,cell_578,2
M04-2,cell_579,2
M04-2,cell_58,2
M04-2,cell_580,4
M04-2,cell_581,4
M04-2,cell_582,2
M04-2,cell_583,4
M04-2,cell_584,2
M04-2,cell_585,4
M04-2,cell_586,2
M04-2,cell_587,2
M04-2,cell_588,2
M04-2,cell_589,2
M04-2,cell_59,2
M04-2,cell_590,2
M04-2,cell_591,4
M04-2,cell_592,4
M04-2,cell_593,4
M04-2,cell_594,2
M04-2,cell_595,2
M04-2,cell_596,4
M04-2,cell_597,2
M04-2,cell_598,4
M04-2,cell_599,4
M04-2,cell_6,4
M04-2,cell_60,2
M04-2,cell_600,2
M04-2,cell_601,4
M04-2,cell_602,4
M04-2,cell_603,2
M04-2,cell_604,2
M04-2,cell_605,4
M04-2,cell_606,4
M04-2,cell_607,2
M04-2,cell_608,4
M04-2,cell_609,4
M04-2,cell_61,4
M04-2,cell_610,4
M04-2,cell_611,2
M04-2,cell_612,4
M04-2,cell_613,4
M04-2,cell_614,2
M04-2,cell_615,2
M04-2,cell_616,4
M04-2,cell_617,4
M04-2,cell_618,2
M04-2,cell_619,4
M04-2,cell_62,4
M04-2,cell_620,4
M04-2,cell_621,2
M04-2,cell_622,4
M04-2,cell_623,2
M04-2,cell_624,2
M04-2,cell_625,2
M04-2,cell_626,2
M04-2,cell_627,4
M04-2,cell_628,2
M04-2,cell_629,2
M04-2,cell_63,2
M04-2,cell_630,4
M04-2,cell_631,2
M04-2,cell_632,4
M04-2,cell_633,2
M04-2,cell_634,4
M04-2,cell_635,4
M04-2,cell_636,2
M04-2,cell_637,2
M04-2,cell_638,2
M04-2,cell_639,2
M04-2,cell_64,2
M04-2,cell_640,2
M04-2,cell_641,4
M04-2,cell_642,4
M04-2,cell_643,4
M04-2,cell_644,4
M04-2,cell_645,2
M04-2,cell_646,5
M04-2,cell_647,4
M04-2,cell_648,4
M04-2,cell_65,4
M04-2,cell_66,4
M04-2,cell_67,2
M04-2,cell_68,2
M04-2,cell_69,2
M04-2,cell_7,4
M04-2,cell_70,2
M04-2,cell_71,2
M04-2,cell_72,4
M04-2,cell_73,4
M04-2,cell_74,4
M04-2,cell_75,4
M04-2,cell_76,2
M04-2,cell_77,4
M04-2,cell_78,4
M04-2,cell_79,2
M04-2,cell_8,2
M04-2,cell_80,4
M04-2,cell_81,4
M04-2,cell_82,4
M04-2,cell_83,4
M04-2,cell_84,2
M04-2,cell_85,2
M04-2,cell_86,4
M04-2,cell_87,4
M04-2,cell_88,4
M04-2,cell_89,4
M04-2,cell_9,2
M04-2,cell_90,4
M04-2,cell_91,2
M04-2,cell_92,4
M04-2,cell_93,4
M04-2,cell_94,2
M04-2,cell_95,4
M04-2,cell_96,2
M04-2,cell_97,2
M04-2,cell_98,6
M04-2,cell_99,4
M04-3,cell_1,8
M04-3,cell_10,5
M04-3,cell_100,6
M04-3,cell_1000,6
M04-3,cell_1001,5
M04-3,cell_1002,5
M04-3,cell_1003,6
M04-3,cell_1004,5
M04-3,cell_1005,8
M04-3,cell_1006,5
M04-3,cell_1007,8
M04-3,cell_1008,5
M04-3,cell_1009,5
M04-3,cell_101,5
M04-3,cell_1010,8
M04-3,cell_1011,8
M04-3,cell_1012,5
M04-3,cell_1013,5
M04-3,cell_1014,8
M04-3,cell_1015,5
M04-3,cell_1016,8
M04-3,cell_1017,5
M04-3,cell_1018,5
M04-3,cell_1019,6
M04-3,cell_102,8
M04-3,cell_1020,5
M04-3,cell_1021,5
M04-3,cell_1022,5
M04-3,cell_1023,5
M04-3,cell_1024,5
M04-3,cell_1025,5
M04-3,cell_1026,5
M04-3,cell_1027,6
M04-3,cell_1028,5
M04-3,cell_1029,6
M04-3,cell_103,5
M04-3,cell_1030,5
M04-3,cell_1031,5
M04-3,cell_1032,6
M04-3,cell_1033,5
M04-3,cell_1034,8
M04-3,cell_1035,8
M04-3,cell_1036,6
M04-3,cell_1037,8
M04-3,cell_1038,8
M04-3,cell_1039,5
M04-3,cell_104,6
M04-3,cell_1040,8
M04-3,cell_1041,5
M04-3,cell_1042,5
M04-3,cell_1043,6
M04-3,cell_1044,5
M04-3,cell_1045,5
M04-3,cell_1046,6
M04-3,cell_1047,8
M04-3,cell_1048,5
M04-3,cell_1049,6
M04-3,cell_105,8
M04-3,cell_1050,5
M04-3,cell_1051,5
M04-3,cell_1052,8
M04-3,cell_1053,6
M04-3,cell_1054,5
M04-3,cell_1055,5
M04-3,cell_1056,5
M04-3,cell_1057,5
M04-3,cell_1058,6
M04-3,cell_1059,8
M04-3,cell_106,5
M04-3,cell_1060,5
M04-3,cell_1061,6
M04-3,cell_1062,5
M04-3,cell_1063,5
M04-3,cell_1064,8
M04-3,cell_1065,5
M04-3,cell_1066,8
M04-3,cell_1067,5
M04-3,cell_1068,5
M04-3,cell_1069,6
M04-3,cell_107,6
M04-3,cell_1070,8
M04-3,cell_1071,5
M04-3,cell_1072,8
M04-3,cell_1073,5
M04-3,cell_1074,5
M04-3,cell_1075,6
M04-3,cell_1076,5
M04-3,cell_1077,5
M04-3,cell_1078,5
M04-3,cell_1079,8
M04-3,cell_108,8
M04-3,cell_1080,8
M04-3,cell_1081,8
M04-3,cell_1082,5
M04-3,cell_1083,6
M04-3,cell_1084,5
M04-3,cell_1085,8
M04-3,cell_1086,6
M04-3,cell_1087,5
M04-3,cell_1088,5
M04-3,cell_1089,5
M04-3,cell_109,5
M04-3,cell_1090,5
M04-3,cell_1091,6
M04-3,cell_1092,5
M04-3,cell_1093,5
M04-3,cell_1094,5
M04-3,cell_1095,8
M04-3,cell_1096,6
M04-3,cell_1097,5
M04-3,cell_1098,5
M04-3,cell_1099,6
M04-3,cell_11,8
M04-3,cell_110,5
M04-3,cell_1100,2
M04-3,cell_1101,5
M04-3,cell_1102,6
M04-3,cell_1103,5
M04-3,cell_1104,6
M04-3,cell_1105,5
M04-3,cell_1106,5
M04-3,cell_1107,5
M04-3,cell_1108,5
M04-3,cell_1109,5
M04-3,cell_111,6
M04-3,cell_1110,5
M04-3,cell_1111,8
M04-3,cell_1112,5
M04-3,cell_1113,5
M04-3,cell_1114,8
M04-3,cell_1115,5
M04-3,cell_1116,5
M04-3,cell_1117,5
M04-3,cell_1118,8
M04-3,cell_1119,8
M04-3,cell_112,5
M04-3,cell_1120,5
M04-3,cell_1121,5
M04-3,cell_1122,5
M04-3,cell_1123,5
M04-3,cell_1124,8
M04-3,cell_1125,5
M04-3,cell_1126,8
M04-3,cell_1127,6
M04-3,cell_1128,5
M04-3,cell_1129,8
M04-3,cell_113,5
M04-3,cell_1130,8
M04-3,cell_1131,6
M04-3,cell_1132,8
M04-3,cell_1133,5
M04-3,cell_1134,5
M04-3,cell_1135,5
M04-3,cell_1136,6
M04-3,cell_1137,5
M04-3,cell_1138,8
M04-3,cell_1139,6
M04-3,cell_114,5
M04-3,cell_1140,5
M04-3,cell_1141,5
M04-3,cell_1142,5
M04-3,cell_1143,5
M04-3,cell_1144,6
M04-3,cell_1145,5
M04-3,cell_1146,5
M04-3,cell_1147,6
M04-3,cell_1148,5
M04-3,cell_1149,6
M04-3,cell_115,5
M04-3,cell_1150,8
M04-3,cell_1151,8
M04-3,cell_1152,8
M04-3,cell_1153,5
M04-3,cell_1154,5
M04-3,cell_1155,5
M04-3,cell_1156,5
M04-3,cell_1157,5
M04-3,cell_1158,8
M04-3,cell_1159,8
M04-3,cell_116,8
M04-3,cell_1160,6
M04-3,cell_1161,5
M04-3,cell_1162,5
M04-3,cell_1163,5
M04-3,cell_1164,8
M04-3,cell_1165,5
M04-3,cell_1166,8
M04-3,cell_117,5
M04-3,cell_118,8
M04-3,cell_119,6
M04-3,cell_12,5
M04-3,cell_120,8
M04-3,cell_121,5
M04-3,cell_122,5
M04-3,cell_123,5
M04-3,cell_124,8
M04-3,cell_125,5
M04-3,cell_126,8
M04-3,cell_127,5
M04-3,cell_128,5
M04-3,cell_129,5
M04-3,cell_13,8
M04-3,cell_130,5
M04-3,cell_131,8
M04-3,cell_132,5
M04-3,cell_133,5
M04-3,cell_134,5
M04-3,cell_135,5
M04-3,cell_136,5
M04-3,cell_137,6
M04-3,cell_138,5
M04-3,cell_139,5
M04-3,cell_14,5
M04-3,cell_140,8
M04-3,cell_141,8
M04-3,cell_142,5
M04-3,cell_143,8
M04-3,cell_144,5
M04-3,cell_145,8
M04-3,cell_146,8
M04-3,cell_147,5
M04-3,cell_148,5
M04-3,cell_149,5
M04-3,cell_15,8
M04-3,cell_150,6
M04-3,cell_151,5
M04-3,cell_152,5
M04-3,cell_153,5
M04-3,cell_154,5
M04-3,cell_155,8
M04-3,cell_156,5
M04-3,cell_157,8
M04-3,cell_158,6
M04-3,cell_159,5
M04-3,cell_16,8
M04-3,cell_160,5
M04-3,cell_161,8
M04-3,cell_162,5
M04-3,cell_163,8
M04-3,cell_164,5
M04-3,cell_165,8
M04-3,cell_166,5
M04-3,cell_167,6
M04-3,cell_168,5
M04-3,cell_169,5
M04-3,cell_17,5
M04-3,cell_170,6
M04-3,cell_171,5
M04-3,cell_172,6
M04-3,cell_173,8
M04-3,cell_174,5
M04-3,cell_175,5
M04-3,cell_176,8
M04-3,cell_177,5
M04-3,cell_178,8
M04-3,cell_179,5
M04-3,cell_18,8
M04-3,cell_180,5
M04-3,cell_181,5
M04-3,cell_182,5
M04-3,cell_183,6
M04-3,cell_184,5
M04-3,cell_185,5
M04-3,cell_186,5
M04-3,cell_187,8
M04-3,cell_188,5
M04-3,cell_189,6
M04-3,cell_19,5
M04-3,cell_190,5
M04-3,cell_191,8
M04-3,cell_192,5
M04-3,cell_193,5
M04-3,cell_194,5
M04-3,cell_195,6
M04-3,cell_196,5
M04-3,cell_197,6
M04-3,cell_198,5
M04-3,cell_199,5
M04-3,cell_2,6
M04-3,cell_20,5
M04-3,cell_200,5
M04-3,cell_201,5
M04-3,cell_202,5
M04-3,cell_203,5
M04-3,cell_204,6
M04-3,cell_205,6
M04-3,cell_206,5
M04-3,cell_207,5
M04-3,cell_208,8
M04-3,cell_209,8
M04-3,cell_21,5
M04-3,cell_210,6
M04-3,cell_211,5
M04-3,cell_212,8
M04-3,cell_213,8
M04-3,cell_214,5
M04-3,cell_215,5
M04-3,cell_216,5
M04-3,cell_217,5
M04-3,cell_218,5
M04-3,cell_219,8
M04-3,cell_22,5
M04-3,cell_220,5
M04-3,cell_221,5
M04-3,cell_222,5
M04-3,cell_223,5
M04-3,cell_224,5
M04-3,cell_225,6
M04-3,cell_226,5
M04-3,cell_227,7
M04-3,cell_228,6
M04-3,cell_229,8
M04-3,cell_23,8
M04-3,cell_230,5
M04-3,cell_231,5
M04-3,cell_232,6
M04-3,cell_233,5
M04-3,cell_234,8
M04-3,cell_235,6
M04-3,cell_236,5
M04-3,cell_237,5
M04-3,cell_238,5
M04-3,cell_239,8
M04-3,cell_24,5
M04-3,cell_240,6
M04-3,cell_241,6
M04-3,cell_242,6
M04-3,cell_243,5
M04-3,cell_244,8
M04-3,cell_245,5
M04-3,cell_246,5
M04-3,cell_247,5
M04-3,cell_248,6
M04-3,cell_249,5
M04-3,cell_25,5
M04-3,cell_250,5
M04-3,cell_251,8
M04-3,cell_252,5
M04-3,cell_253,5
M04-3,cell_254,2
M04-3,cell_255,8
M04-3,cell_256,5
M04-3,cell_257,5
M04-3,cell_258,5
M04-3,cell_259,8
M04-3,cell_26,8
M04-3,cell_260,5
M04-3,cell_261,5
M04-3,cell_262,5
M04-3,cell_263,5
M04-3,cell_264,5
M04-3,cell_265,5
M04-3,cell_266,5
M04-3,cell_267,6
M04-3,cell_268,8
M04-3,cell_269,8
M04-3,cell_27,8
M04-3,cell_270,5
M04-3,cell_271,5
M04-3,cell_272,5
M04-3,cell_273,5
M04-3,cell_274,5
M04-3,cell_275,8
M04-3,cell_276,5
M04-3,cell_277,8
M04-3,cell_278,8
M04-3,cell_279,5
M04-3,cell_28,5
M04-3,cell_280,5
M04-3,cell_281,8
M04-3,cell_282,5
M04-3,cell_283,5
M04-3,cell_284,5
M04-3,cell_285,8
M04-3,cell_286,6
M04-3,cell_287,8
M04-3,cell_288,5
M04-3,cell_289,5
M04-3,cell_29,5
M04-3,cell_290,5
M04-3,cell_291,8
M04-3,cell_292,6
M04-3,cell_293,8
M04-3,cell_294,8
M04-3,cell_295,5
M04-3,cell_296,8
M04-3,cell_297,5
M04-3,cell_298,5
M04-3,cell_299,6
M04-3,cell_3,5
M04-3,cell_30,5
M04-3,cell_300,5
M04-3,cell_301,8
M04-3,cell_302,5
M04-3,cell_303,8
M04-3,cell_304,5
M04-3,cell_305,5
M04-3,cell_306,6
M04-3,cell_307,6
M04-3,cell_308,5
M04-3,cell_309,8
M04-3,cell_31,5
M04-3,cell_310,5
M04-3,cell_311,5
M04-3,cell_312,5
M04-3,cell_313,8
M04-3,cell_314,8
M04-3,cell_315,5
M04-3,cell_316,5
M04-3,cell_317,5
M04-3,cell_318,5
M04-3,cell_319,8
M04-3,cell_32,7
M04-3,cell_320,5
M04-3,cell_321,5
M04-3,cell_322,5
M04-3,cell_323,5
M04-3,cell_324,6
M04-3,cell_325,5
M04-3,cell_326,8
M04-3,cell_327,5
M04-3,cell_328,8
M04-3,cell_329,8
M04-3,cell_33,8
M04-3,cell_330,8
M04-3,cell_331,5
M04-3,cell_332,5
M04-3,cell_333,8
M04-3,cell_334,5
M04-3,cell_335,5
M04-3,cell_336,6
M04-3,cell_337,8
M04-3,cell_338,6
M04-3,cell_339,6
M04-3,cell_34,5
M04-3,cell_340,5
M04-3,cell_341,6
M04-3,cell_342,5
M04-3,cell_343,5
M04-3,cell_344,8
M04-3,cell_345,6
M04-3,cell_346,6
M04-3,cell_347,5
M04-3,cell_348,8
M04-3,cell_349,5
M04-3,cell_35,5
M04-3,cell_350,5
M04-3,cell_351,5
M04-3,cell_352,5
M04-3,cell_353,6
M04-3,cell_354,5
M04-3,cell_355,5
M04-3,cell_356,5
M04-3,cell_357,5
M04-3,cell_358,8
M04-3,cell_359,5
M04-3,cell_36,5
M04-3,cell_360,8
M04-3,cell_361,8
M04-3,cell_362,6
M04-3,cell_363,5
M04-3,cell_364,5
M04-3,cell_365,5
M04-3,cell_366,8
M04-3,cell_367,5
M04-3,cell_368,5
M04-3,cell_369,5
M04-3,cell_37,6
M04-3,cell_370,6
M04-3,cell_371,5
M04-3,cell_372,6
M04-3,cell_373,6
M04-3,cell_374,5
M04-3,cell_375,6
M04-3,cell_376,5
M04-3,cell_377,5
M04-3,cell_378,5
M04-3,cell_379,5
M04-3,cell_38,5
M04-3,cell_380,5
M04-3,cell_381,6
M04-3,cell_382,5
M04-3,cell_383,5
M04-3,cell_384,5
M04-3,cell_385,5
M04-3,cell_386,5
M04-3,cell_387,5
M04-3,cell_388,6
M04-3,cell_389,6
M04-3,cell_39,5
M04-3,cell_390,5
M04-3,cell_391,5
M04-3,cell_392,8
M04-3,cell_393,5
M04-3,cell_394,2
M04-3,cell_395,5
M04-3,cell_396,5
M04-3,cell_397,5
M04-3,cell_398,5
M04-3,cell_399,8
M04-3,cell_4,8
M04-3,cell_40,5
M04-3,cell_400,6
M04-3,cell_401,5
M04-3,cell_402,5
M04-3,cell_403,5
M04-3,cell_404,6
M04-3,cell_405,8
M04-3,cell_406,5
M04-3,cell_407,5
M04-3,cell_408,5
M04-3,cell_409,6
M04-3,cell_41,8
M04-3,cell_410,6
M04-3,cell_411,8
M04-3,cell_412,8
M04-3,cell_413,5
M04-3,cell_414,5
M04-3,cell_415,5
M04-3,cell_416,6
M04-3,cell_417,5
M04-3,cell_418,8
M04-3,cell_419,5
M04-3,cell_42,8
M04-3,cell_420,6
M04-3,cell_421,6
M04-3,cell_422,8
M04-3,cell_423,5
M04-3,cell_424,8
M04-3,cell_425,5
M04-3,cell_426,5
M04-3,cell_427,6
M04-3,cell_428,5
M04-3,cell_429,5
M04-3,cell_43,5
M04-3,cell_430,2
M04-3,cell_431,5
M04-3,cell_432,5
M04-3,cell_433,6
M04-3,cell_434,5
M04-3,cell_435,5
M04-3,cell_436,5
M04-3,cell_437,8
M04-3,cell_438,5
M04-3,cell_439,5
M04-3,cell_44,5
M04-3,cell_440,5
M04-3,cell_441,5
M04-3,cell_442,6
M04-3,cell_443,5
M04-3,cell_444,5
M04-3,cell_445,5
M04-3,cell_446,5
M04-3,cell_447,5
M04-3,cell_448,8
M04-3,cell_449,5
M04-3,cell_45,5
M04-3,cell_450,6
M04-3,cell_451,5
M04-3,cell_452,5
M04-3,cell_453,6
M04-3,cell_454,6
M04-3,cell_455,5
M04-3,cell_456,8
M04-3,cell_457,6
M04-3,cell_458,5
M04-3,cell_459,5
M04-3,cell_46,6
M04-3,cell_460,5
M04-3,cell_461,8
M04-3,cell_462,5
M04-3,cell_463,5
M04-3,cell_464,6
M04-3,cell_465,5
M04-3,cell_466,5
M04-3,cell_467,5
M04-3,cell_468,5
M04-3,cell_469,5
M04-3,cell_47,5
M04-3,cell_470,5
M04-3,cell_471,6
M04-3,cell_472,6
M04-3,cell_473,6
M04-3,cell_474,5
M04-3,cell_475,8
M04-3,cell_476,5
M04-3,cell_477,5
M04-3,cell_478,5
M04-3,cell_479,5
M04-3,cell_48,8
M04-3,cell_480,8
M04-3,cell_481,5
M04-3,cell_482,5
M04-3,cell_483,5
M04-3,cell_484,5
M04-3,cell_485,5
M04-3,cell_486,8
M04-3,cell_487,5
M04-3,cell_488,5
M04-3,cell_489,6
M04-3,cell_49,5
M04-3,cell_490,5
M04-3,cell_491,8
M04-3,cell_492,5
M04-3,cell_493,5
M04-3,cell_494,5
M04-3,cell_495,5
M04-3,cell_496,5
M04-3,cell_497,5
M04-3,cell_498,5
M04-3,cell_499,6
M04-3,cell_5,2
M04-3,cell_50,5
M04-3,cell_500,5
M04-3,cell_501,5
M04-3,cell_502,8
M04-3,cell_503,5
M04-3,cell_504,5
M04-3,cell_505,8
M04-3,cell_506,5
M04-3,cell_507,5
M04-3,cell_508,5
M04-3,cell_509,5
M04-3,cell_51,5
M04-3,cell_510,5
M04-3,cell_511,5
M04-3,cell_512,5
M04-3,cell_513,5
M04-3,cell_514,5
M04-3,cell_515,5
M04-3,cell_516,8
M04-3,cell_517,8
M04-3,cell_518,8
M04-3,cell_519,5
M04-3,cell_52,5
M04-3,cell_520,5
M04-3,cell_521,8
M04-3,cell_522,5
M04-3,cell_523,5
M04-3,cell_524,6
M04-3,cell_525,8
M04-3,cell_526,5
M04-3,cell_527,6
M04-3,cell_528,5
M04-3,cell_529,5
M04-3,cell_53,5
M04-3,cell_530,8
M04-3,cell_531,5
M04-3,cell_532,8
M04-3,cell_533,6
M04-3,cell_534,6
M04-3,cell_535,5
M04-3,cell_536,5
M04-3,cell_537,6
M04-3,cell_538,5
M04-3,cell_539,6
M04-3,cell_54,6
M04-3,cell_540,8
M04-3,cell_541,8
M04-3,cell_542,5
M04-3,cell_543,5
M04-3,cell_544,5
M04-3,cell_545,5
M04-3,cell_546,6
M04-3,cell_547,8
M04-3,cell_548,5
M04-3,cell_549,5
M04-3,cell_55,8
M04-3,cell_550,8
M04-3,cell_551,6
M04-3,cell_552,8
M04-3,cell_553,5
M04-3,cell_554,5
M04-3,cell_555,5
M04-3,cell_556,5
M04-3,cell_557,8
M04-3,cell_558,5
M04-3,cell_559,5
M04-3,cell_56,5
M04-3,cell_560,5
M04-3,cell_561,5
M04-3,cell_562,6
M04-3,cell_563,5
M04-3,cell_564,5
M04-3,cell_565,8
M04-3,cell_566,5
M04-3,cell_567,8
M04-3,cell_568,6
M04-3,cell_569,6
M04-3,cell_57,5
M04-3,cell_570,5
M04-3,cell_571,8
M04-3,cell_572,5
M04-3,cell_573,5
M04-3,cell_574,8
M04-3,cell_575,8
M04-3,cell_576,5
M04-3,cell_577,8
M04-3,cell_578,8
M04-3,cell_579,8
M04-3,cell_58,5
M04-3,cell_580,8
M04-3,cell_581,5
M04-3,cell_582,5
M04-3,cell_583,5
M04-3,cell_584,8
M04-3,cell_585,5
M04-3,cell_586,5
M04-3,cell_587,5
M04-3,cell_588,5
M04-3,cell_589,6
M04-3,cell_59,6
M04-3,cell_590,8
M04-3,cell_591,5
M04-3,cell_592,5
M04-3,cell_593,5
M04-3,cell_594,5
M04-3,cell_595,8
M04-3,cell_596,5
M04-3,cell_597,5
M04-3,cell_598,6
M04-3,cell_599,5
M04-3,cell_6,5
M04-3,cell_60,8
M04-3,cell_600,5
M04-3,cell_601,5
M04-3,cell_602,6
M04-3,cell_603,5
M04-3,cell_604,6
M04-3,cell_605,5
M04-3,cell_606,6
M04-3,cell_607,8
M04-3,cell_608,5
M04-3,cell_609,5
M04-3,cell_61,6
M04-3,cell_610,5
M04-3,cell_611,8
M04-3,cell_612,6
M04-3,cell_613,5
M04-3,cell_614,5
M04-3,cell_615,5
M04-3,cell_616,5
M04-3,cell_617,5
M04-3,cell_618,5
M04-3,cell_619,5
M04-3,cell_62,5
M04-3,cell_620,5
M04-3,cell_621,8
M04-3,cell_622,5
M04-3,cell_623,5
M04-3,cell_624,8
M04-3,cell_625,8
M04-3,cell_626,5
M04-3,cell_627,8
M04-3,cell_628,5
M04-3,cell_629,8
M04-3,cell_63,5
M04-3,cell_630,5
M04-3,cell_631,8
M04-3,cell_632,5
M04-3,cell_633,8
M04-3,cell_634,5
M04-3,cell_635,5
M04-3,cell_636,5
M04-3,cell_637,8
M04-3,cell_638,5
M04-3,cell_639,8
M04-3,cell_64,5
M04-3,cell_640,5
M04-3,cell_641,5
M04-3,cell_642,5
M04-3,cell_643,8
M04-3,cell_644,5
M04-3,cell_645,8
M04-3,cell_646,6
M04-3,cell_647,5
M04-3,cell_648,5
M04-3,cell_649,8
M04-3,cell_65,8
M04-3,cell_650,8
M04-3,cell_651,5
M04-3,cell_652,5
M04-3,cell_653,5
M04-3,cell_654,5
M04-3,cell_655,8
M04-3,cell_656,6
M04-3,cell_657,5
M04-3,cell_658,8
M04-3,cell_659,8
M04-3,cell_66,5
M04-3,cell_660,5
M04-3,cell_661,5
M04-3,cell_662,5
M04-3,cell_663,5
M04-3,cell_664,5
M04-3,cell_665,5
M04-3,cell_666,8
M04-3,cell_667,8
M04-3,cell_668,5
M04-3,cell_669,6
M04-3,cell_67,5
M04-3,cell_670,5
M04-3,cell_671,8
M04-3,cell_672,8
M04-3,cell_673,8
M04-3,cell_674,5
M04-3,cell_675,5
M04-3,cell_676,6
M04-3,cell_677,5
M04-3,cell_678,8
M04-3,cell_679,5
M04-3,cell_68,8
M04-3,cell_680,8
M04-3,cell_681,5
M04-3,cell_682,5
M04-3,cell_683,5
M04-3,cell_684,5
M04-3,cell_685,5
M04-3,cell_686,5
M04-3,cell_687,5
M04-3,cell_688,8
M04-3,cell_689,8
M04-3,cell_69,8
M04-3,cell_690,5
M04-3,cell_691,5
M04-3,cell_692,6
M04-3,cell_693,5
M04-3,cell_694,6
M04-3,cell_695,5
M04-3,cell_696,5
M04-3,cell_697,8
M04-3,cell_698,6
M04-3,cell_699,6
M04-3,cell_7,5
M04-3,cell_70,2
M04-3,cell_700,8
M04-3,cell_701,5
M04-3,cell_702,5
M04-3,cell_703,8
M04-3,cell_704,6
M04-3,cell_705,5
M04-3,cell_706,6
M04-3,cell_707,5
M04-3,cell_708,5
M04-3,cell_709,6
M04-3,cell_71,5
M04-3,cell_710,5
M04-3,cell_711,5
M04-3,cell_712,5
M04-3,cell_713,5
M04-3,cell_714,8
M04-3,cell_715,5
M04-3,cell_716,5
M04-3,cell_717,5
M04-3,cell_718,6
M04-3,cell_719,8
M04-3,cell_72,8
M04-3,cell_720,5
M04-3,cell_721,5
M04-3,cell_722,5
M04-3,cell_723,5
M04-3,cell_724,8
M04-3,cell_725,8
M04-3,cell_726,5
M04-3,cell_727,5
M04-3,cell_728,8
M04-3,cell_729,5
M04-3,cell_73,5
M04-3,cell_730,5
M04-3,cell_731,6
M04-3,cell_732,5
M04-3,cell_733,6
M04-3,cell_734,5
M04-3,cell_735,5
M04-3,cell_736,5
M04-3,cell_737,5
M04-3,cell_738,8
M04-3,cell_739,5
M04-3,cell_74,5
M04-3,cell_740,6
M04-3,cell_741,5
M04-3,cell_742,5
M04-3,cell_743,6
M04-3,cell_744,5
M04-3,cell_745,8
M04-3,cell_746,6
M04-3,cell_747,5
M04-3,cell_748,8
M04-3,cell_749,8
M04-3,cell_75,5
M04-3,cell_750,6
M04-3,cell_751,5
M04-3,cell_752,5
M04-3,cell_753,8
M04-3,cell_754,5
M04-3,cell_755,5
M04-3,cell_756,5
M04-3,cell_757,5
M04-3,cell_758,8
M04-3,cell_759,5
M04-3,cell_76,5
M04-3,cell_760,6
M04-3,cell_761,5
M04-3,cell_762,8
M04-3,cell_763,5
M04-3,cell_764,8
M04-3,cell_765,5
M04-3,cell_766,6
M04-3,cell_767,5
M04-3,cell_768,5
M04-3,cell_769,6
M04-3,cell_77,5
M04-3,cell_770,5
M04-3,cell_771,5
M04-3,cell_772,5
M04-3,cell_773,5
M04-3,cell_774,5
M04-3,cell_775,5
M04-3,cell_776,5
M04-3,cell_777,8
M04-3,cell_778,5
M04-3,cell_779,5
M04-3,cell_78,5
M04-3,cell_780,5
M04-3,cell_781,5
M04-3,cell_782,6
M04-3,cell_783,8
M04-3,cell_784,5
M04-3,cell_785,5
M04-3,cell_786,5
M04-3,cell_787,8
M04-3,cell_788,8
M04-3,cell_789,5
M04-3,cell_79,8
M04-3,cell_790,8
M04-3,cell_791,5
M04-3,cell_792,5
M04-3,cell_793,5
M04-3,cell_794,8
M04-3,cell_795,5
M04-3,cell_796,5
M04-3,cell_797,5
M04-3,cell_798,6
M04-3,cell_799,8
M04-3,cell_8,8
M04-3,cell_80,5
M04-3,cell_800,5
M04-3,cell_801,5
M04-3,cell_802,8
M04-3,cell_803,8
M04-3,cell_804,5
M04-3,cell_805,6
M04-3,cell_806,5
M04-3,cell_807,8
M04-3,cell_808,5
M04-3,cell_809,8
M04-3,cell_81,8
M04-3,cell_810,5
M04-3,cell_811,8
M04-3,cell_812,6
M04-3,cell_813,8
M04-3,cell_814,6
M04-3,cell_815,8
M04-3,cell_816,8
M04-3,cell_817,8
M04-3,cell_818,5
M04-3,cell_819,8
M04-3,cell_82,5
M04-3,cell_820,5
M04-3,cell_821,8
M04-3,cell_822,6
M04-3,cell_823,5
M04-3,cell_824,5
M04-3,cell_825,6
M04-3,cell_826,5
M04-3,cell_827,8
M04-3,cell_828,5
M04-3,cell_829,5
M04-3,cell_83,8
M04-3,cell_830,8
M04-3,cell_831,5
M04-3,cell_832,6
M04-3,cell_833,6
M04-3,cell_834,8
M04-3,cell_835,8
M04-3,cell_836,5
M04-3,cell_837,5
M04-3,cell_838,5
M04-3,cell_839,5
M04-3,cell_84,5
M04-3,cell_840,5
M04-3,cell_841,8
M04-3,cell_842,5
M04-3,cell_843,5
M04-3,cell_844,6
M04-3,cell_845,5
M04-3,cell_846,5
M04-3,cell_847,5
M04-3,cell_848,5
M04-3,cell_849,5
M04-3,cell_85,5
M04-3,cell_850,6
M04-3,cell_851,5
M04-3,cell_852,5
M04-3,cell_853,5
M04-3,cell_854,6
M04-3,cell_855,2
M04-3,cell_856,6
M04-3,cell_857,5
M04-3,cell_858,5
M04-3,cell_859,5
M04-3,cell_86,8
M04-3,cell_860,5
M04-3,cell_861,5
M04-3,cell_862,5
M04-3,cell_863,5
M04-3,cell_864,5
M04-3,cell_865,5
M04-3,cell_866,5
M04-3,cell_867,5
M04-3,cell_868,6
M04-3,cell_869,5
M04-3,cell_87,5
M04-3,cell_870,8
M04-3,cell_871,6
M04-3,cell_872,8
M04-3,cell_873,5
M04-3,cell_874,5
M04-3,cell_875,8
M04-3,cell_876,5
M04-3,cell_877,5
M04-3,cell_878,5
M04-3,cell_879,8
M04-3,cell_88,5
M04-3,cell_880,5
M04-3,cell_881,5
M04-3,cell_882,8
M04-3,cell_883,5
M04-3,cell_884,5
M04-3,cell_885,8
M04-3,cell_886,6
M04-3,cell_887,8
M04-3,cell_888,5
M04-3,cell_889,6
M04-3,cell_89,5
M04-3,cell_890,5
M04-3,cell_891,6
M04-3,cell_892,6
M04-3,cell_893,6
M04-3,cell_894,6
M04-3,cell_895,8
M04-3,cell_896,5
M04-3,cell_897,8
M04-3,cell_898,5
M04-3,cell_899,5
M04-3,cell_9,6
M04-3,cell_90,5
M04-3,cell_900,5
M04-3,cell_901,5
M04-3,cell_902,5
M04-3,cell_903,5
M04-3,cell_904,6
M04-3,cell_905,5
M04-3,cell_906,6
M04-3,cell_907,5
M04-3,cell_908,5
M04-3,cell_909,5
M04-3,cell_91,5
M04-3,cell_910,6
M04-3,cell_911,5
M04-3,cell_912,5
M04-3,cell_913,5
M04-3,cell_914,5
M04-3,cell_915,8
M04-3,cell_916,5
M04-3,cell_917,6
M04-3,cell_918,8
M04-3,cell_919,5
M04-3,cell_92,6
M04-3,cell_920,5
M04-3,cell_921,5
M04-3,cell_922,5
M04-3,cell_923,5
M04-3,cell_924,8
M04-3,cell_925,5
M04-3,cell_926,8
M04-3,cell_927,2
M04-3,cell_928,5
M04-3,cell_929,5
M04-3,cell_93,5
M04-3,cell_930,5
M04-3,cell_931,6
M04-3,cell_932,5
M04-3,cell_933,8
M04-3,cell_934,6
M04-3,cell_935,5
M04-3,cell_936,5
M04-3,cell_937,5
M04-3,cell_938,5
M04-3,cell_939,6
M04-3,cell_94,5
M04-3,cell_940,5
M04-3,cell_941,6
M04-3,cell_942,8
M04-3,cell_943,5
M04-3,cell_944,5
M04-3,cell_945,8
M04-3,cell_946,8
M04-3,cell_947,8
M04-3,cell_948,5
M04-3,cell_949,8
M04-3,cell_95,8
M04-3,cell_950,8
M04-3,cell_951,8
M04-3,cell_952,5
M04-3,cell_953,6
M04-3,cell_954,8
M04-3,cell_955,6
M04-3,cell_956,5
M04-3,cell_957,5
M04-3,cell_958,6
M04-3,cell_959,5
M04-3,cell_96,5
M04-3,cell_960,8
M04-3,cell_961,5
M04-3,cell_962,5
M04-3,cell_963,6
M04-3,cell_964,8
M04-3,cell_965,5
M04-3,cell_966,5
M04-3,cell_967,8
M04-3,cell_968,5
M04-3,cell_969,8
M04-3,cell_97,8
M04-3,cell_970,5
M04-3,cell_971,5
M04-3,cell_972,5
M04-3,cell_973,5
M04-3,cell_974,5
M04-3,cell_975,8
M04-3,cell_976,8
M04-3,cell_977,8
M04-3,cell_978,5
M04-3,cell_979,8
M04-3,cell_98,6
M04-3,cell_980,5
M04-3,cell_981,5
M04-3,cell_982,5
M04-3,cell_983,5
M04-3,cell_984,5
M04-3,cell_985,5
M04-3,cell_986,5
M04-3,cell_987,6
M04-3,cell_988,5
M04-3,cell_989,8
M04-3,cell_99,5
M04-3,cell_990,5
M04-3,cell_991,5
M04-3,cell_992,8
M04-3,cell_993,5
M04-3,cell_994,5
M04-3,cell_995,8
M04-3,cell_996,6
M04-3,cell_997,5
M04-3,cell_998,6
M04-3,cell_999,5
RA18_18-11_1,cell_1,8
RA18_18-11_1,cell_10,6
RA18_18-11_1,cell_100,6
RA18_18-11_1,cell_1000,8
RA18_18-11_1,cell_1001,8
RA18_18-11_1,cell_1002,6
RA18_18-11_1,cell_1003,8
RA18_18-11_1,cell_1004,8
RA18_18-11_1,cell_1005,8
RA18_18-11_1,cell_1006,8
RA18_18-11_1,cell_1007,8
RA18_18-11_1,cell_1008,8
RA18_18-11_1,cell_1009,6
RA18_18-11_1,cell_101,8
RA18_18-11_1,cell_1010,8
RA18_18-11_1,cell_1011,8
RA18_18-11_1,cell_1012,8
RA18_18-11_1,cell_1013,8
RA18_18-11_1,cell_1014,8
RA18_18-11_1,cell_1015,6
RA18_18-11_1,cell_1016,8
RA18_18-11_1,cell_1017,8
RA18_18-11_1,cell_1018,8
RA18_18-11_1,cell_1019,8
RA18_18-11_1,cell_102,8
RA18_18-11_1,cell_1020,8
RA18_18-11_1,cell_1021,6
RA18_18-11_1,cell_1022,6
RA18_18-11_1,cell_1023,8
RA18_18-11_1,cell_1024,8
RA18_18-11_1,cell_1025,8
RA18_18-11_1,cell_1026,8
RA18_18-11_1,cell_1027,8
RA18_18-11_1,cell_1028,6
RA18_18-11_1,cell_1029,8
RA18_18-11_1,cell_103,8
RA18_18-11_1,cell_1030,8
RA18_18-11_1,cell_1031,8
RA18_18-11_1,cell_1032,8
RA18_18-11_1,cell_1033,8
RA18_18-11_1,cell_1034,6
RA18_18-11_1,cell_1035,8
RA18_18-11_1,cell_1036,6
RA18_18-11_1,cell_1037,8
RA18_18-11_1,cell_1038,6
RA18_18-11_1,cell_1039,6
RA18_18-11_1,cell_104,8
RA18_18-11_1,cell_1040,8
RA18_18-11_1,cell_1041,6
RA18_18-11_1,cell_1042,6
RA18_18-11_1,cell_1043,8
RA18_18-11_1,cell_1044,8
RA18_18-11_1,cell_1045,8
RA18_18-11_1,cell_1046,8
RA18_18-11_1,cell_1047,8
RA18_18-11_1,cell_1048,8
RA18_18-11_1,cell_1049,8
RA18_18-11_1,cell_105,8
RA18_18-11_1,cell_1050,8
RA18_18-11_1,cell_1051,8
RA18_18-11_1,cell_1052,8
RA18_18-11_1,cell_1053,8
RA18_18-11_1,cell_1054,8
RA18_18-11_1,cell_1055,6
RA18_18-11_1,cell_1056,6
RA18_18-11_1,cell_1057,8
RA18_18-11_1,cell_1058,8
RA18_18-11_1,cell_1059,6
RA18_18-11_1,cell_106,8
RA18_18-11_1,cell_1060,6
RA18_18-11_1,cell_1061,6
RA18_18-11_1,cell_1062,6
RA18_18-11_1,cell_1063,8
RA18_18-11_1,cell_1064,6
RA18_18-11_1,cell_1065,8
RA18_18-11_1,cell_1066,6
RA18_18-11_1,cell_1067,6
RA18_18-11_1,cell_1068,8
RA18_18-11_1,cell_1069,8
RA18_18-11_1,cell_107,6
RA18_18-11_1,cell_1070,6
RA18_18-11_1,cell_1071,6
RA18_18-11_1,cell_1072,8
RA18_18-11_1,cell_1073,8
RA18_18-11_1,cell_1074,6
RA18_18-11_1,cell_1075,8
RA18_18-11_1,cell_1076,6
RA18_18-11_1,cell_1077,6
RA18_18-11_1,cell_1078,8
RA18_18-11_1,cell_1079,6
RA18_18-11_1,cell_108,6
RA18_18-11_1,cell_1080,8
RA18_18-11_1,cell_1081,8
RA18_18-11_1,cell_1082,6
RA18_18-11_1,cell_1083,8
RA18_18-11_1,cell_1084,8
RA18_18-11_1,cell_1085,8
RA18_18-11_1,cell_1086,6
RA18_18-11_1,cell_1087,6
RA18_18-11_1,cell_1088,8
RA18_18-11_1,cell_1089,8
RA18_18-11_1,cell_109,8
RA18_18-11_1,cell_1090,8
RA18_18-11_1,cell_1091,8
RA18_18-11_1,cell_1092,8
RA18_18-11_1,cell_1093,8
RA18_18-11_1,cell_1094,8
RA18_18-11_1,cell_1095,8
RA18_18-11_1,cell_1096,8
RA18_18-11_1,cell_1097,8
RA18_18-11_1,cell_1098,8
RA18_18-11_1,cell_1099,8
RA18_18-11_1,cell_11,8
RA18_18-11_1,cell_110,8
RA18_18-11_1,cell_1100,6
RA18_18-11_1,cell_1101,8
RA18_18-11_1,cell_1102,8
RA18_18-11_1,cell_1103,8
RA18_18-11_1,cell_1104,6
RA18_18-11_1,cell_1105,6
RA18_18-11_1,cell_1106,8
RA18_18-11_1,cell_1107,8
RA18_18-11_1,cell_1108,8
RA18_18-11_1,cell_1109,8
RA18_18-11_1,cell_111,6
RA18_18-11_1,cell_1110,8
RA18_18-11_1,cell_1111,8
RA18_18-11_1,cell_1112,6
RA18_18-11_1,cell_1113,8
RA18_18-11_1,cell_1114,8
RA18_18-11_1,cell_1115,8
RA18_18-11_1,cell_1116,8
RA18_18-11_1,cell_1117,8
RA18_18-11_1,cell_1118,8
RA18_18-11_1,cell_1119,8
RA18_18-11_1,cell_112,8
RA18_18-11_1,cell_1120,6
RA18_18-11_1,cell_1121,8
RA18_18-11_1,cell_1122,8
RA18_18-11_1,cell_1123,8
RA18_18-11_1,cell_1124,8
RA18_18-11_1,cell_1125,8
RA18_18-11_1,cell_1126,6
RA18_18-11_1,cell_1127,8
RA18_18-11_1,cell_1128,8
RA18_18-11_1,cell_1129,8
RA18_18-11_1,cell_113,8
RA18_18-11_1,cell_1130,6
RA18_18-11_1,cell_1131,8
RA18_18-11_1,cell_1132,8
RA18_18-11_1,cell_1133,8
RA18_18-11_1,cell_1134,8
RA18_18-11_1,cell_1135,6
RA18_18-11_1,cell_1136,6
RA18_18-11_1,cell_1137,6
RA18_18-11_1,cell_1138,6
RA18_18-11_1,cell_1139,8
RA18_18-11_1,cell_114,8
RA18_18-11_1,cell_1140,8
RA18_18-11_1,cell_1141,8
RA18_18-11_1,cell_1142,8
RA18_18-11_1,cell_1143,8
RA18_18-11_1,cell_1144,8
RA18_18-11_1,cell_1145,8
RA18_18-11_1,cell_1146,6
RA18_18-11_1,cell_1147,8
RA18_18-11_1,cell_1148,8
RA18_18-11_1,cell_1149,6
RA18_18-11_1,cell_115,6
RA18_18-11_1,cell_1150,8
RA18_18-11_1,cell_1151,8
RA18_18-11_1,cell_1152,8
RA18_18-11_1,cell_1153,6
RA18_18-11_1,cell_1154,8
RA18_18-11_1,cell_1155,6
RA18_18-11_1,cell_1156,6
RA18_18-11_1,cell_1157,6
RA18_18-11_1,cell_1158,8
RA18_18-11_1,cell_1159,8
RA18_18-11_1,cell_116,8
RA18_18-11_1,cell_1160,8
RA18_18-11_1,cell_1161,8
RA18_18-11_1,cell_1162,6
RA18_18-11_1,cell_1163,6
RA18_18-11_1,cell_1164,6
RA18_18-11_1,cell_1165,6
RA18_18-11_1,cell_1166,6
RA18_18-11_1,cell_1167,8
RA18_18-11_1,cell_1168,8
RA18_18-11_1,cell_1169,8
RA18_18-11_1,cell_117,8
RA18_18-11_1,cell_1170,6
RA18_18-11_1,cell_1171,8
RA18_18-11_1,cell_1172,8
RA18_18-11_1,cell_1173,6
RA18_18-11_1,cell_1174,8
RA18_18-11_1,cell_1175,8
RA18_18-11_1,cell_1176,8
RA18_18-11_1,cell_1177,8
RA18_18-11_1,cell_1178,8
RA18_18-11_1,cell_1179,8
RA18_18-11_1,cell_118,6
RA18_18-11_1,cell_1180,6
RA18_18-11_1,cell_1181,8
RA18_18-11_1,cell_1182,8
RA18_18-11_1,cell_1183,8
RA18_18-11_1,cell_1184,8
RA18_18-11_1,cell_1185,8
RA18_18-11_1,cell_1186,8
RA18_18-11_1,cell_1187,6
RA18_18-11_1,cell_1188,6
RA18_18-11_1,cell_1189,6
RA18_18-11_1,cell_119,6
RA18_18-11_1,cell_1190,8
RA18_18-11_1,cell_1191,6
RA18_18-11_1,cell_1192,6
RA18_18-11_1,cell_1193,8
RA18_18-11_1,cell_1194,8
RA18_18-11_1,cell_1195,6
RA18_18-11_1,cell_1196,8
RA18_18-11_1,cell_1197,6
RA18_18-11_1,cell_1198,8
RA18_18-11_1,cell_1199,8
RA18_18-11_1,cell_12,8
RA18_18-11_1,cell_120,8
RA18_18-11_1,cell_1200,8
RA18_18-11_1,cell_1201,8
RA18_18-11_1,cell_1202,8
RA18_18-11_1,cell_1203,6
RA18_18-11_1,cell_1204,6
RA18_18-11_1,cell_1205,6
RA18_18-11_1,cell_1206,6
RA18_18-11_1,cell_1207,8
RA18_18-11_1,cell_1208,8
RA18_18-11_1,cell_1209,8
RA18_18-11_1,cell_121,6
RA18_18-11_1,cell_1210,6
RA18_18-11_1,cell_1211,8
RA18_18-11_1,cell_1212,8
RA18_18-11_1,cell_1213,8
RA18_18-11_1,cell_1214,8
RA18_18-11_1,cell_1215,8
RA18_18-11_1,cell_1216,8
RA18_18-11_1,cell_1217,6
RA18_18-11_1,cell_1218,8
RA18_18-11_1,cell_1219,6
RA18_18-11_1,cell_122,8
RA18_18-11_1,cell_1220,6
RA18_18-11_1,cell_1221,8
RA18_18-11_1,cell_1222,6
RA18_18-11_1,cell_1223,8
RA18_18-11_1,cell_123,6
RA18_18-11_1,cell_124,8
RA18_18-11_1,cell_125,8
RA18_18-11_1,cell_126,8
RA18_18-11_1,cell_127,8
RA18_18-11_1,cell_128,8
RA18_18-11_1,cell_129,8
RA18_18-11_1,cell_13,8
RA18_18-11_1,cell_130,8
RA18_18-11_1,cell_131,8
RA18_18-11_1,cell_132,6
RA18_18-11_1,cell_133,6
RA18_18-11_1,cell_134,6
RA18_18-11_1,cell_135,8
RA18_18-11_1,cell_136,6
RA18_18-11_1,cell_137,6
RA18_18-11_1,cell_138,8
RA18_18-11_1,cell_139,6
RA18_18-11_1,cell_14,8
RA18_18-11_1,cell_140,8
RA18_18-11_1,cell_141,8
RA18_18-11_1,cell_142,8
RA18_18-11_1,cell_143,6
RA18_18-11_1,cell_144,6
RA18_18-11_1,cell_145,8
RA18_18-11_1,cell_146,8
RA18_18-11_1,cell_147,6
RA18_18-11_1,cell_148,8
RA18_18-11_1,cell_149,8
RA18_18-11_1,cell_15,6
RA18_18-11_1,cell_150,8
RA18_18-11_1,cell_151,8
RA18_18-11_1,cell_152,8
RA18_18-11_1,cell_153,6
RA18_18-11_1,cell_154,8
RA18_18-11_1,cell_155,6
RA18_18-11_1,cell_156,8
RA18_18-11_1,cell_157,8
RA18_18-11_1,cell_158,6
RA18_18-11_1,cell_159,8
RA18_18-11_1,cell_16,6
RA18_18-11_1,cell_160,6
RA18_18-11_1,cell_161,8
RA18_18-11_1,cell_162,8
RA18_18-11_1,cell_163,8
RA18_18-11_1,cell_164,6
RA18_18-11_1,cell_165,8
RA18_18-11_1,cell_166,6
RA18_18-11_1,cell_167,6
RA18_18-11_1,cell_168,7
RA18_18-11_1,cell_169,8
RA18_18-11_1,cell_17,8
RA18_18-11_1,cell_170,8
RA18_18-11_1,cell_171,8
RA18_18-11_1,cell_172,6
RA18_18-11_1,cell_173,6
RA18_18-11_1,cell_174,8
RA18_18-11_1,cell_175,6
RA18_18-11_1,cell_176,8
RA18_18-11_1,cell_177,8
RA18_18-11_1,cell_178,8
RA18_18-11_1,cell_179,8
RA18_18-11_1,cell_18,8
RA18_18-11_1,cell_180,6
RA18_18-11_1,cell_181,8
RA18_18-11_1,cell_182,6
RA18_18-11_1,cell_183,6
RA18_18-11_1,cell_184,8
RA18_18-11_1,cell_185,8
RA18_18-11_1,cell_186,8
RA18_18-11_1,cell_187,8
RA18_18-11_1,cell_188,8
RA18_18-11_1,cell_189,6
RA18_18-11_1,cell_19,8
RA18_18-11_1,cell_190,6
RA18_18-11_1,cell_191,6
RA18_18-11_1,cell_192,8
RA18_18-11_1,cell_193,6
RA18_18-11_1,cell_194,8
RA18_18-11_1,cell_195,8
RA18_18-11_1,cell_196,6
RA18_18-11_1,cell_197,8
RA18_18-11_1,cell_198,8
RA18_18-11_1,cell_199,6
RA18_18-11_1,cell_2,6
RA18_18-11_1,cell_20,6
RA18_18-11_1,cell_200,6
RA18_18-11_1,cell_201,6
RA18_18-11_1,cell_202,8
RA18_18-11_1,cell_203,8
RA18_18-11_1,cell_204,8
RA18_18-11_1,cell_205,8
RA18_18-11_1,cell_206,6
RA18_18-11_1,cell_207,6
RA18_18-11_1,cell_208,8
RA18_18-11_1,cell_209,8
RA18_18-11_1,cell_21,8
RA18_18-11_1,cell_210,8
RA18_18-11_1,cell_211,6
RA18_18-11_1,cell_212,6
RA18_18-11_1,cell_213,6
RA18_18-11_1,cell_214,8
RA18_18-11_1,cell_215,6
RA18_18-11_1,cell_216,8
RA18_18-11_1,cell_217,8
RA18_18-11_1,cell_218,8
RA18_18-11_1,cell_219,6
RA18_18-11_1,cell_22,6
RA18_18-11_1,cell_220,8
RA18_18-11_1,cell_221,8
RA18_18-11_1,cell_222,8
RA18_18-11_1,cell_223,6
RA18_18-11_1,cell_224,6
RA18_18-11_1,cell_225,8
RA18_18-11_1,cell_226,6
RA18_18-11_1,cell_227,8
RA18_18-11_1,cell_228,8
RA18_18-11_1,cell_229,8
RA18_18-11_1,cell_23,8
RA18_18-11_1,cell_230,6
RA18_18-11_1,cell_231,8
RA18_18-11_1,cell_232,8
RA18_18-11_1,cell_233,8
RA18_18-11_1,cell_234,8
RA18_18-11_1,cell_235,8
RA18_18-11_1,cell_236,6
RA18_18-11_1,cell_237,8
RA18_18-11_1,cell_238,6
RA18_18-11_1,cell_239,8
RA18_18-11_1,cell_24,6
RA18_18-11_1,cell_240,6
RA18_18-11_1,cell_241,8
RA18_18-11_1,cell_242,8
RA18_18-11_1,cell_243,8
RA18_18-11_1,cell_244,8
RA18_18-11_1,cell_245,6
RA18_18-11_1,cell_246,3
RA18_18-11_1,cell_247,8
RA18_18-11_1,cell_248,8
RA18_18-11_1,cell_249,8
RA18_18-11_1,cell_25,8
RA18_18-11_1,cell_250,8
RA18_18-11_1,cell_251,8
RA18_18-11_1,cell_252,8
RA18_18-11_1,cell_253,6
RA18_18-11_1,cell_254,8
RA18_18-11_1,cell_255,8
RA18_18-11_1,cell_256,8
RA18_18-11_1,cell_257,6
RA18_18-11_1,cell_258,8
RA18_18-11_1,cell_259,6
RA18_18-11_1,cell_26,8
RA18_18-11_1,cell_260,6
RA18_18-11_1,cell_261,8
RA18_18-11_1,cell_262,8
RA18_18-11_1,cell_263,8
RA18_18-11_1,cell_264,8
RA18_18-11_1,cell_265,8
RA18_18-11_1,cell_266,8
RA18_18-11_1,cell_267,6
RA18_18-11_1,cell_268,8
RA18_18-11_1,cell_269,8
RA18_18-11_1,cell_27,8
RA18_18-11_1,cell_270,6
RA18_18-11_1,cell_271,6
RA18_18-11_1,cell_272,8
RA18_18-11_1,cell_273,8
RA18_18-11_1,cell_274,8
RA18_18-11_1,cell_275,8
RA18_18-11_1,cell_276,8
RA18_18-11_1,cell_277,8
RA18_18-11_1,cell_278,6
RA18_18-11_1,cell_279,8
RA18_18-11_1,cell_28,8
RA18_18-11_1,cell_280,8
RA18_18-11_1,cell_281,8
RA18_18-11_1,cell_282,6
RA18_18-11_1,cell_283,8
RA18_18-11_1,cell_284,8
RA18_18-11_1,cell_285,6
RA18_18-11_1,cell_286,6
RA18_18-11_1,cell_287,8
RA18_18-11_1,cell_288,8
RA18_18-11_1,cell_289,6
RA18_18-11_1,cell_29,6
RA18_18-11_1,cell_290,8
RA18_18-11_1,cell_291,8
RA18_18-11_1,cell_292,8
RA18_18-11_1,cell_293,6
RA18_18-11_1,cell_294,6
RA18_18-11_1,cell_295,8
RA18_18-11_1,cell_296,6
RA18_18-11_1,cell_297,6
RA18_18-11_1,cell_298,6
RA18_18-11_1,cell_299,8
RA18_18-11_1,cell_3,6
RA18_18-11_1,cell_30,8
RA18_18-11_1,cell_300,8
RA18_18-11_1,cell_301,6
RA18_18-11_1,cell_302,8
RA18_18-11_1,cell_303,8
RA18_18-11_1,cell_304,8
RA18_18-11_1,cell_305,8
RA18_18-11_1,cell_306,8
RA18_18-11_1,cell_307,8
RA18_18-11_1,cell_308,6
RA18_18-11_1,cell_309,6
RA18_18-11_1,cell_31,6
RA18_18-11_1,cell_310,8
RA18_18-11_1,cell_311,8
RA18_18-11_1,cell_312,8
RA18_18-11_1,cell_313,6
RA18_18-11_1,cell_314,8
RA18_18-11_1,cell_315,8
RA18_18-11_1,cell_316,8
RA18_18-11_1,cell_317,6
RA18_18-11_1,cell_318,8
RA18_18-11_1,cell_319,8
RA18_18-11_1,cell_32,8
RA18_18-11_1,cell_320,8
RA18_18-11_1,cell_321,6
RA18_18-11_1,cell_322,8
RA18_18-11_1,cell_323,8
RA18_18-11_1,cell_324,8
RA18_18-11_1,cell_325,8
RA18_18-11_1,cell_326,8
RA18_18-11_1,cell_327,8
RA18_18-11_1,cell_328,6
RA18_18-11_1,cell_329,8
RA18_18-11_1,cell_33,8
RA18_18-11_1,cell_330,6
RA18_18-11_1,cell_331,6
RA18_18-11_1,cell_332,6
RA18_18-11_1,cell_333,6
RA18_18-11_1,cell_334,6
RA18_18-11_1,cell_335,8
RA18_18-11_1,cell_336,8
RA18_18-11_1,cell_337,6
RA18_18-11_1,cell_338,6
RA18_18-11_1,cell_339,8
RA18_18-11_1,cell_34,6
RA18_18-11_1,cell_340,8
RA18_18-11_1,cell_341,8
RA18_18-11_1,cell_342,6
RA18_18-11_1,cell_343,8
RA18_18-11_1,cell_344,8
RA18_18-11_1,cell_345,8
RA18_18-11_1,cell_346,6
RA18_18-11_1,cell_347,6
RA18_18-11_1,cell_348,6
RA18_18-11_1,cell_349,6
RA18_18-11_1,cell_35,8
RA18_18-11_1,cell_350,6
RA18_18-11_1,cell_351,6
RA18_18-11_1,cell_352,6
RA18_18-11_1,cell_353,8
RA18_18-11_1,cell_354,6
RA18_18-11_1,cell_355,8
RA18_18-11_1,cell_356,6
RA18_18-11_1,cell_357,8
RA18_18-11_1,cell_358,8
RA18_18-11_1,cell_359,6
RA18_18-11_1,cell_36,6
RA18_18-11_1,cell_360,8
RA18_18-11_1,cell_361,8
RA18_18-11_1,cell_362,8
RA18_18-11_1,cell_363,6
RA18_18-11_1,cell_364,8
RA18_18-11_1,cell_365,6
RA18_18-11_1,cell_366,8
RA18_18-11_1,cell_367,8
RA18_18-11_1,cell_368,6
RA18_18-11_1,cell_369,6
RA18_18-11_1,cell_37,8
RA18_18-11_1,cell_370,8
RA18_18-11_1,cell_371,6
RA18_18-11_1,cell_372,8
RA18_18-11_1,cell_373,8
RA18_18-11_1,cell_374,6
RA18_18-11_1,cell_375,8
RA18_18-11_1,cell_376,8
RA18_18-11_1,cell_377,8
RA18_18-11_1,cell_378,8
RA18_18-11_1,cell_379,6
RA18_18-11_1,cell_38,6
RA18_18-11_1,cell_380,6
RA18_18-11_1,cell_381,6
RA18_18-11_1,cell_382,8
RA18_18-11_1,cell_383,8
RA18_18-11_1,cell_384,6
RA18_18-11_1,cell_385,8
RA18_18-11_1,cell_386,8
RA18_18-11_1,cell_387,6
RA18_18-11_1,cell_388,6
RA18_18-11_1,cell_389,8
RA18_18-11_1,cell_39,8
RA18_18-11_1,cell_390,8
RA18_18-11_1,cell_391,8
RA18_18-11_1,cell_392,8
RA18_18-11_1,cell_393,8
RA18_18-11_1,cell_394,8
RA18_18-11_1,cell_395,6
RA18_18-11_1,cell_396,6
RA18_18-11_1,cell_397,8
RA18_18-11_1,cell_398,8
RA18_18-11_1,cell_399,8
RA18_18-11_1,cell_4,6
RA18_18-11_1,cell_40,8
RA18_18-11_1,cell_400,8
RA18_18-11_1,cell_401,4
RA18_18-11_1,cell_402,6
RA18_18-11_1,cell_403,8
RA18_18-11_1,cell_404,8
RA18_18-11_1,cell_405,8
RA18_18-11_1,cell_406,6
RA18_18-11_1,cell_407,8
RA18_18-11_1,cell_408,8
RA18_18-11_1,cell_409,8
RA18_18-11_1,cell_41,8
RA18_18-11_1,cell_410,6
RA18_18-11_1,cell_411,6
RA18_18-11_1,cell_412,8
RA18_18-11_1,cell_413,8
RA18_18-11_1,cell_414,8
RA18_18-11_1,cell_415,8
RA18_18-11_1,cell_416,6
RA18_18-11_1,cell_417,6
RA18_18-11_1,cell_418,6
RA18_18-11_1,cell_419,6
RA18_18-11_1,cell_42,8
RA18_18-11_1,cell_420,6
RA18_18-11_1,cell_421,8
RA18_18-11_1,cell_422,8
RA18_18-11_1,cell_423,8
RA18_18-11_1,cell_424,8
RA18_18-11_1,cell_425,6
RA18_18-11_1,cell_426,8
RA18_18-11_1,cell_427,8
RA18_18-11_1,cell_428,7
RA18_18-11_1,cell_429,8
RA18_18-11_1,cell_43,8
RA18_18-11_1,cell_430,6
RA18_18-11_1,cell_431,8
RA18_18-11_1,cell_432,8
RA18_18-11_1,cell_433,8
RA18_18-11_1,cell_434,8
RA18_18-11_1,cell_435,6
RA18_18-11_1,cell_436,8
RA18_18-11_1,cell_437,8
RA18_18-11_1,cell_438,8
RA18_18-11_1,cell_439,8
RA18_18-11_1,cell_44,8
RA18_18-11_1,cell_440,6
RA18_18-11_1,cell_441,8
RA18_18-11_1,cell_442,8
RA18_18-11_1,cell_443,8
RA18_18-11_1,cell_444,8
RA18_18-11_1,cell_445,8
RA18_18-11_1,cell_446,8
RA18_18-11_1,cell_447,8
RA18_18-11_1,cell_448,6
RA18_18-11_1,cell_449,8
RA18_18-11_1,cell_45,6
RA18_18-11_1,cell_450,6
RA18_18-11_1,cell_451,8
RA18_18-11_1,cell_452,8
RA18_18-11_1,cell_453,8
RA18_18-11_1,cell_454,8
RA18_18-11_1,cell_455,6
RA18_18-11_1,cell_456,8
RA18_18-11_1,cell_457,6
RA18_18-11_1,cell_458,8
RA18_18-11_1,cell_459,6
RA18_18-11_1,cell_46,6
RA18_18-11_1,cell_460,8
RA18_18-11_1,cell_461,8
RA18_18-11_1,cell_462,6
RA18_18-11_1,cell_463,8
RA18_18-11_1,cell_464,6
RA18_18-11_1,cell_465,8
RA18_18-11_1,cell_466,6
RA18_18-11_1,cell_467,8
RA18_18-11_1,cell_468,8
RA18_18-11_1,cell_469,8
RA18_18-11_1,cell_47,8
RA18_18-11_1,cell_470,8
RA18_18-11_1,cell_471,6
RA18_18-11_1,cell_472,6
RA18_18-11_1,cell_473,6
RA18_18-11_1,cell_474,8
RA18_18-11_1,cell_475,8
RA18_18-11_1,cell_476,8
RA18_18-11_1,cell_477,8
RA18_18-11_1,cell_478,6
RA18_18-11_1,cell_479,8
RA18_18-11_1,cell_48,8
RA18_18-11_1,cell_480,8
RA18_18-11_1,cell_481,8
RA18_18-11_1,cell_482,8
RA18_18-11_1,cell_483,6
RA18_18-11_1,cell_484,6
RA18_18-11_1,cell_485,8
RA18_18-11_1,cell_486,6
RA18_18-11_1,cell_487,8
RA18_18-11_1,cell_488,8
RA18_18-11_1,cell_489,8
RA18_18-11_1,cell_49,8
RA18_18-11_1,cell_490,6
RA18_18-11_1,cell_491,8
RA18_18-11_1,cell_492,8
RA18_18-11_1,cell_493,6
RA18_18-11_1,cell_494,6
RA18_18-11_1,cell_495,8
RA18_18-11_1,cell_496,8
RA18_18-11_1,cell_497,6
RA18_18-11_1,cell_498,6
RA18_18-11_1,cell_499,8
RA18_18-11_1,cell_5,8
RA18_18-11_1,cell_50,6
RA18_18-11_1,cell_500,6
RA18_18-11_1,cell_501,6
RA18_18-11_1,cell_502,8
RA18_18-11_1,cell_503,8
RA18_18-11_1,cell_504,6
RA18_18-11_1,cell_505,8
RA18_18-11_1,cell_506,8
RA18_18-11_1,cell_507,8
RA18_18-11_1,cell_508,8
RA18_18-11_1,cell_509,8
RA18_18-11_1,cell_51,8
RA18_18-11_1,cell_510,8
RA18_18-11_1,cell_511,8
RA18_18-11_1,cell_512,8
RA18_18-11_1,cell_513,8
RA18_18-11_1,cell_514,8
RA18_18-11_1,cell_515,6
RA18_18-11_1,cell_516,8
RA18_18-11_1,cell_517,8
RA18_18-11_1,cell_518,8
RA18_18-11_1,cell_519,6
RA18_18-11_1,cell_52,8
RA18_18-11_1,cell_520,8
RA18_18-11_1,cell_521,8
RA18_18-11_1,cell_522,8
RA18_18-11_1,cell_523,8
RA18_18-11_1,cell_524,8
RA18_18-11_1,cell_525,8
RA18_18-11_1,cell_526,8
RA18_18-11_1,cell_527,6
RA18_18-11_1,cell_528,8
RA18_18-11_1,cell_529,6
RA18_18-11_1,cell_53,8
RA18_18-11_1,cell_530,8
RA18_18-11_1,cell_531,8
RA18_18-11_1,cell_532,8
RA18_18-11_1,cell_533,8
RA18_18-11_1,cell_534,6
RA18_18-11_1,cell_535,8
RA18_18-11_1,cell_536,8
RA18_18-11_1,cell_537,6
RA18_18-11_1,cell_538,8
RA18_18-11_1,cell_539,8
RA18_18-11_1,cell_54,8
RA18_18-11_1,cell_540,8
RA18_18-11_1,cell_541,8
RA18_18-11_1,cell_542,6
RA18_18-11_1,cell_543,6
RA18_18-11_1,cell_544,6
RA18_18-11_1,cell_545,8
RA18_18-11_1,cell_546,8
RA18_18-11_1,cell_547,6
RA18_18-11_1,cell_548,6
RA18_18-11_1,cell_549,8
RA18_18-11_1,cell_55,6
RA18_18-11_1,cell_550,6
RA18_18-11_1,cell_551,6
RA18_18-11_1,cell_552,8
RA18_18-11_1,cell_553,8
RA18_18-11_1,cell_554,8
RA18_18-11_1,cell_555,8
RA18_18-11_1,cell_556,6
RA18_18-11_1,cell_557,6
RA18_18-11_1,cell_558,8
RA18_18-11_1,cell_559,8
RA18_18-11_1,cell_56,8
RA18_18-11_1,cell_560,8
RA18_18-11_1,cell_561,8
RA18_18-11_1,cell_562,6
RA18_18-11_1,cell_563,8
RA18_18-11_1,cell_564,6
RA18_18-11_1,cell_565,6
RA18_18-11_1,cell_566,6
RA18_18-11_1,cell_567,8
RA18_18-11_1,cell_568,8
RA18_18-11_1,cell_569,8
RA18_18-11_1,cell_57,8
RA18_18-11_1,cell_570,8
RA18_18-11_1,cell_571,8
RA18_18-11_1,cell_572,8
RA18_18-11_1,cell_573,8
RA18_18-11_1,cell_574,6
RA18_18-11_1,cell_575,8
RA18_18-11_1,cell_576,8
RA18_18-11_1,cell_577,6
RA18_18-11_1,cell_578,6
RA18_18-11_1,cell_579,8
RA18_18-11_1,cell_58,8
RA18_18-11_1,cell_580,8
RA18_18-11_1,cell_581,6
RA18_18-11_1,cell_582,8
RA18_18-11_1,cell_583,8
RA18_18-11_1,cell_584,8
RA18_18-11_1,cell_585,6
RA18_18-11_1,cell_586,8
RA18_18-11_1,cell_587,8
RA18_18-11_1,cell_588,8
RA18_18-11_1,cell_589,6
RA18_18-11_1,cell_59,8
RA18_18-11_1,cell_590,8
RA18_18-11_1,cell_591,6
RA18_18-11_1,cell_592,6
RA18_18-11_1,cell_593,6
RA18_18-11_1,cell_594,8
RA18_18-11_1,cell_595,8
RA18_18-11_1,cell_596,8
RA18_18-11_1,cell_597,8
RA18_18-11_1,cell_598,8
RA18_18-11_1,cell_599,8
RA18_18-11_1,cell_6,8
RA18_18-11_1,cell_60,6
RA18_18-11_1,cell_600,8
RA18_18-11_1,cell_601,6
RA18_18-11_1,cell_602,8
RA18_18-11_1,cell_603,8
RA18_18-11_1,cell_604,6
RA18_18-11_1,cell_605,8
RA18_18-11_1,cell_606,8
RA18_18-11_1,cell_607,6
RA18_18-11_1,cell_608,8
RA18_18-11_1,cell_609,8
RA18_18-11_1,cell_61,6
RA18_18-11_1,cell_610,8
RA18_18-11_1,cell_611,8
RA18_18-11_1,cell_612,6
RA18_18-11_1,cell_613,8
RA18_18-11_1,cell_614,8
RA18_18-11_1,cell_615,8
RA18_18-11_1,cell_616,8
RA18_18-11_1,cell_617,8
RA18_18-11_1,cell_618,8
RA18_18-11_1,cell_619,6
RA18_18-11_1,cell_62,8
RA18_18-11_1,cell_620,8
RA18_18-11_1,cell_621,8
RA18_18-11_1,cell_622,8
RA18_18-11_1,cell_623,8
RA18_18-11_1,cell_624,6
RA18_18-11_1,cell_625,8
RA18_18-11_1,cell_626,8
RA18_18-11_1,cell_627,8
RA18_18-11_1,cell_628,8
RA18_18-11_1,cell_629,6
RA18_18-11_1,cell_63,8
RA18_18-11_1,cell_630,8
RA18_18-11_1,cell_631,6
RA18_18-11_1,cell_632,6
RA18_18-11_1,cell_633,8
RA18_18-11_1,cell_634,6
RA18_18-11_1,cell_635,6
RA18_18-11_1,cell_636,8
RA18_18-11_1,cell_637,8
RA18_18-11_1,cell_638,6
RA18_18-11_1,cell_639,8
RA18_18-11_1,cell_64,8
RA18_18-11_1,cell_640,6
RA18_18-11_1,cell_641,8
RA18_18-11_1,cell_642,6
RA18_18-11_1,cell_643,8
RA18_18-11_1,cell_644,8
RA18_18-11_1,cell_645,6
RA18_18-11_1,cell_646,6
RA18_18-11_1,cell_647,8
RA18_18-11_1,cell_648,8
RA18_18-11_1,cell_649,8
RA18_18-11_1,cell_65,8
RA18_18-11_1,cell_650,8
RA18_18-11_1,cell_651,8
RA18_18-11_1,cell_652,8
RA18_18-11_1,cell_653,6
RA18_18-11_1,cell_654,6
RA18_18-11_1,cell_655,8
RA18_18-11_1,cell_656,8
RA18_18-11_1,cell_657,8
RA18_18-11_1,cell_658,8
RA18_18-11_1,cell_659,6
RA18_18-11_1,cell_66,8
RA18_18-11_1,cell_660,8
RA18_18-11_1,cell_661,8
RA18_18-11_1,cell_662,8
RA18_18-11_1,cell_663,8
RA18_18-11_1,cell_664,8
RA18_18-11_1,cell_665,6
RA18_18-11_1,cell_666,6
RA18_18-11_1,cell_667,8
RA18_18-11_1,cell_668,6
RA18_18-11_1,cell_669,8
RA18_18-11_1,cell_67,8
RA18_18-11_1,cell_670,8
RA18_18-11_1,cell_671,8
RA18_18-11_1,cell_672,8
RA18_18-11_1,cell_673,8
RA18_18-11_1,cell_674,8
RA18_18-11_1,cell_675,8
RA18_18-11_1,cell_676,8
RA18_18-11_1,cell_677,6
RA18_18-11_1,cell_678,8
RA18_18-11_1,cell_679,8
RA18_18-11_1,cell_68,8
RA18_18-11_1,cell_680,8
RA18_18-11_1,cell_681,8
RA18_18-11_1,cell_682,6
RA18_18-11_1,cell_683,6
RA18_18-11_1,cell_684,6
RA18_18-11_1,cell_685,6
RA18_18-11_1,cell_686,8
RA18_18-11_1,cell_687,6
RA18_18-11_1,cell_688,8
RA18_18-11_1,cell_689,8
RA18_18-11_1,cell_69,8
RA18_18-11_1,cell_690,8
RA18_18-11_1,cell_691,8
RA18_18-11_1,cell_692,8
RA18_18-11_1,cell_693,8
RA18_18-11_1,cell_694,6
RA18_18-11_1,cell_695,6
RA18_18-11_1,cell_696,8
RA18_18-11_1,cell_697,6
RA18_18-11_1,cell_698,8
RA18_18-11_1,cell_699,6
RA18_18-11_1,cell_7,8
RA18_18-11_1,cell_70,8
RA18_18-11_1,cell_700,8
RA18_18-11_1,cell_701,8
RA18_18-11_1,cell_702,8
RA18_18-11_1,cell_703,8
RA18_18-11_1,cell_704,8
RA18_18-11_1,cell_705,8
RA18_18-11_1,cell_706,8
RA18_18-11_1,cell_707,8
RA18_18-11_1,cell_708,8
RA18_18-11_1,cell_709,6
RA18_18-11_1,cell_71,8
RA18_18-11_1,cell_710,6
RA18_18-11_1,cell_711,8
RA18_18-11_1,cell_712,6
RA18_18-11_1,cell_713,8
RA18_18-11_1,cell_714,8
RA18_18-11_1,cell_715,6
RA18_18-11_1,cell_716,8
RA18_18-11_1,cell_717,8
RA18_18-11_1,cell_718,8
RA18_18-11_1,cell_719,8
RA18_18-11_1,cell_72,8
RA18_18-11_1,cell_720,8
RA18_18-11_1,cell_721,6
RA18_18-11_1,cell_722,6
RA18_18-11_1,cell_723,8
RA18_18-11_1,cell_724,8
RA18_18-11_1,cell_725,8
RA18_18-11_1,cell_726,6
RA18_18-11_1,cell_727,6
RA18_18-11_1,cell_728,6
RA18_18-11_1,cell_729,8
RA18_18-11_1,cell_73,6
RA18_18-11_1,cell_730,8
RA18_18-11_1,cell_731,8
RA18_18-11_1,cell_732,8
RA18_18-11_1,cell_733,8
RA18_18-11_1,cell_734,6
RA18_18-11_1,cell_735,8
RA18_18-11_1,cell_736,8
RA18_18-11_1,cell_737,6
RA18_18-11_1,cell_738,8
RA18_18-11_1,cell_739,6
RA18_18-11_1,cell_74,8
RA18_18-11_1,cell_740,8
RA18_18-11_1,cell_741,8
RA18_18-11_1,cell_742,8
RA18_18-11_1,cell_743,8
RA18_18-11_1,cell_744,8
RA18_18-11_1,cell_745,8
RA18_18-11_1,cell_746,8
RA18_18-11_1,cell_747,6
RA18_18-11_1,cell_748,8
RA18_18-11_1,cell_749,8
RA18_18-11_1,cell_75,8
RA18_18-11_1,cell_750,8
RA18_18-11_1,cell_751,6
RA18_18-11_1,cell_752,8
RA18_18-11_1,cell_753,8
RA18_18-11_1,cell_754,6
RA18_18-11_1,cell_755,6
RA18_18-11_1,cell_756,8
RA18_18-11_1,cell_757,8
RA18_18-11_1,cell_758,6
RA18_18-11_1,cell_759,6
RA18_18-11_1,cell_76,6
RA18_18-11_1,cell_760,8
RA18_18-11_1,cell_761,8
RA18_18-11_1,cell_762,8
RA18_18-11_1,cell_763,8
RA18_18-11_1,cell_764,8
RA18_18-11_1,cell_765,8
RA18_18-11_1,cell_766,8
RA18_18-11_1,cell_767,8
RA18_18-11_1,cell_768,6
RA18_18-11_1,cell_769,8
RA18_18-11_1,cell_77,6
RA18_18-11_1,cell_770,8
RA18_18-11_1,cell_771,8
RA18_18-11_1,cell_772,6
RA18_18-11_1,cell_773,6
RA18_18-11_1,cell_774,6
RA18_18-11_1,cell_775,8
RA18_18-11_1,cell_776,8
RA18_18-11_1,cell_777,6
RA18_18-11_1,cell_778,6
RA18_18-11_1,cell_779,8
RA18_18-11_1,cell_78,6
RA18_18-11_1,cell_780,6
RA18_18-11_1,cell_781,8
RA18_18-11_1,cell_782,8
RA18_18-11_1,cell_783,8
RA18_18-11_1,cell_784,8
RA18_18-11_1,cell_785,6
RA18_18-11_1,cell_786,8
RA18_18-11_1,cell_787,8
RA18_18-11_1,cell_788,8
RA18_18-11_1,cell_789,8
RA18_18-11_1,cell_79,8
RA18_18-11_1,cell_790,6
RA18_18-11_1,cell_791,6
RA18_18-11_1,cell_792,8
RA18_18-11_1,cell_793,8
RA18_18-11_1,cell_794,8
RA18_18-11_1,cell_795,8
RA18_18-11_1,cell_796,6
RA18_18-11_1,cell_797,8
RA18_18-11_1,cell_798,6
RA18_18-11_1,cell_799,8
RA18_18-11_1,cell_8,6
RA18_18-11_1,cell_80,8
RA18_18-11_1,cell_800,8
RA18_18-11_1,cell_801,8
RA18_18-11_1,cell_802,6
RA18_18-11_1,cell_803,8
RA18_18-11_1,cell_804,6
RA18_18-11_1,cell_805,8
RA18_18-11_1,cell_806,8
RA18_18-11_1,cell_807,8
RA18_18-11_1,cell_808,8
RA18_18-11_1,cell_809,6
RA18_18-11_1,cell_81,6
RA18_18-11_1,cell_810,8
RA18_18-11_1,cell_811,8
RA18_18-11_1,cell_812,8
RA18_18-11_1,cell_813,6
RA18_18-11_1,cell_814,8
RA18_18-11_1,cell_815,8
RA18_18-11_1,cell_816,8
RA18_18-11_1,cell_817,8
RA18_18-11_1,cell_818,6
RA18_18-11_1,cell_819,8
RA18_18-11_1,cell_82,8
RA18_18-11_1,cell_820,6
RA18_18-11_1,cell_821,8
RA18_18-11_1,cell_822,8
RA18_18-11_1,cell_823,8
RA18_18-11_1,cell_824,6
RA18_18-11_1,cell_825,0
RA18_18-11_1,cell_826,8
RA18_18-11_1,cell_827,8
RA18_18-11_1,cell_828,8
RA18_18-11_1,cell_829,8
RA18_18-11_1,cell_83,6
RA18_18-11_1,cell_830,8
RA18_18-11_1,cell_831,8
RA18_18-11_1,cell_832,8
RA18_18-11_1,cell_833,6
RA18_18-11_1,cell_834,8
RA18_18-11_1,cell_835,8
RA18_18-11_1,cell_836,6
RA18_18-11_1,cell_837,8
RA18_18-11_1,cell_838,6
RA18_18-11_1,cell_839,6
RA18_18-11_1,cell_84,8
RA18_18-11_1,cell_840,6
RA18_18-11_1,cell_841,8
RA18_18-11_1,cell_842,8
RA18_18-11_1,cell_843,8
RA18_18-11_1,cell_844,6
RA18_18-11_1,cell_845,8
RA18_18-11_1,cell_846,6
RA18_18-11_1,cell_847,8
RA18_18-11_1,cell_848,6
RA18_18-11_1,cell_849,8
RA18_18-11_1,cell_85,8
RA18_18-11_1,cell_850,8
RA18_18-11_1,cell_851,8
RA18_18-11_1,cell_852,8
RA18_18-11_1,cell_853,8
RA18_18-11_1,cell_854,8
RA18_18-11_1,cell_855,8
RA18_18-11_1,cell_856,8
RA18_18-11_1,cell_857,8
RA18_18-11_1,cell_858,8
RA18_18-11_1,cell_859,8
RA18_18-11_1,cell_86,8
RA18_18-11_1,cell_860,6
RA18_18-11_1,cell_861,6
RA18_18-11_1,cell_862,8
RA18_18-11_1,cell_863,8
RA18_18-11_1,cell_864,6
RA18_18-11_1,cell_865,6
RA18_18-11_1,cell_866,6
RA18_18-11_1,cell_867,8
RA18_18-11_1,cell_868,6
RA18_18-11_1,cell_869,6
RA18_18-11_1,cell_87,8
RA18_18-11_1,cell_870,8
RA18_18-11_1,cell_871,8
RA18_18-11_1,cell_872,8
RA18_18-11_1,cell_873,8
RA18_18-11_1,cell_874,6
RA18_18-11_1,cell_875,8
RA18_18-11_1,cell_876,8
RA18_18-11_1,cell_877,8
RA18_18-11_1,cell_878,8
RA18_18-11_1,cell_879,6
RA18_18-11_1,cell_88,8
RA18_18-11_1,cell_880,8
RA18_18-11_1,cell_881,8
RA18_18-11_1,cell_882,8
RA18_18-11_1,cell_883,8
RA18_18-11_1,cell_884,6
RA18_18-11_1,cell_885,6
RA18_18-11_1,cell_886,8
RA18_18-11_1,cell_887,8
RA18_18-11_1,cell_888,8
RA18_18-11_1,cell_889,8
RA18_18-11_1,cell_89,8
RA18_18-11_1,cell_890,6
RA18_18-11_1,cell_891,6
RA18_18-11_1,cell_892,8
RA18_18-11_1,cell_893,8
RA18_18-11_1,cell_894,8
RA18_18-11_1,cell_895,8
RA18_18-11_1,cell_896,8
RA18_18-11_1,cell_897,8
RA18_18-11_1,cell_898,8
RA18_18-11_1,cell_899,6
RA18_18-11_1,cell_9,8
RA18_18-11_1,cell_90,8
RA18_18-11_1,cell_900,6
RA18_18-11_1,cell_901,8
RA18_18-11_1,cell_902,8
RA18_18-11_1,cell_903,6
RA18_18-11_1,cell_904,8
RA18_18-11_1,cell_905,8
RA18_18-11_1,cell_906,8
RA18_18-11_1,cell_907,8
RA18_18-11_1,cell_908,8
RA18_18-11_1,cell_909,8
RA18_18-11_1,cell_91,8
RA18_18-11_1,cell_910,6
RA18_18-11_1,cell_911,8
RA18_18-11_1,cell_912,8
RA18_18-11_1,cell_913,6
RA18_18-11_1,cell_914,8
RA18_18-11_1,cell_915,8
RA18_18-11_1,cell_916,8
RA18_18-11_1,cell_917,6
RA18_18-11_1,cell_918,6
RA18_18-11_1,cell_919,8
RA18_18-11_1,cell_92,8
RA18_18-11_1,cell_920,8
RA18_18-11_1,cell_921,6
RA18_18-11_1,cell_922,8
RA18_18-11_1,cell_923,8
RA18_18-11_1,cell_924,6
RA18_18-11_1,cell_925,8
RA18_18-11_1,cell_926,8
RA18_18-11_1,cell_927,8
RA18_18-11_1,cell_928,8
RA18_18-11_1,cell_929,8
RA18_18-11_1,cell_93,8
RA18_18-11_1,cell_930,8
RA18_18-11_1,cell_931,6
RA18_18-11_1,cell_932,8
RA18_18-11_1,cell_933,6
RA18_18-11_1,cell_934,8
RA18_18-11_1,cell_935,8
RA18_18-11_1,cell_936,8
RA18_18-11_1,cell_937,8
RA18_18-11_1,cell_938,6
RA18_18-11_1,cell_939,8
RA18_18-11_1,cell_94,8
RA18_18-11_1,cell_940,6
RA18_18-11_1,cell_941,8
RA18_18-11_1,cell_942,8
RA18_18-11_1,cell_943,6
RA18_18-11_1,cell_944,8
RA18_18-11_1,cell_945,6
RA18_18-11_1,cell_946,6
RA18_18-11_1,cell_947,6
RA18_18-11_1,cell_948,6
RA18_18-11_1,cell_949,8
RA18_18-11_1,cell_95,8
RA18_18-11_1,cell_950,8
RA18_18-11_1,cell_951,6
RA18_18-11_1,cell_952,6
RA18_18-11_1,cell_953,8
RA18_18-11_1,cell_954,8
RA18_18-11_1,cell_955,6
RA18_18-11_1,cell_956,8
RA18_18-11_1,cell_957,6
RA18_18-11_1,cell_958,6
RA18_18-11_1,cell_959,8
RA18_18-11_1,cell_96,6
RA18_18-11_1,cell_960,8
RA18_18-11_1,cell_961,6
RA18_18-11_1,cell_962,8
RA18_18-11_1,cell_963,8
RA18_18-11_1,cell_964,8
RA18_18-11_1,cell_965,8
RA18_18-11_1,cell_966,8
RA18_18-11_1,cell_967,8
RA18_18-11_1,cell_968,8
RA18_18-11_1,cell_969,8
RA18_18-11_1,cell_97,6
RA18_18-11_1,cell_970,6
RA18_18-11_1,cell_971,8
RA18_18-11_1,cell_972,8
RA18_18-11_1,cell_973,8
RA18_18-11_1,cell_974,8
RA18_18-11_1,cell_975,6
RA18_18-11_1,cell_976,6
RA18_18-11_1,cell_977,8
RA18_18-11_1,cell_978,8
RA18_18-11_1,cell_979,6
RA18_18-11_1,cell_98,8
RA18_18-11_1,cell_980,8
RA18_18-11_1,cell_981,6
RA18_18-11_1,cell_982,8
RA18_18-11_1,cell_983,6
RA18_18-11_1,cell_984,6
RA18_18-11_1,cell_985,6
RA18_18-11_1,cell_986,6
RA18_18-11_1,cell_987,8
RA18_18-11_1,cell_988,8
RA18_18-11_1,cell_989,8
RA18_18-11_1,cell_99,8
RA18_18-11_1,cell_990,8
RA18_18-11_1,cell_991,8
RA18_18-11_1,cell_992,8
RA18_18-11_1,cell_993,8
RA18_18-11_1,cell_994,8
RA18_18-11_1,cell_995,8
RA18_18-11_1,cell_996,8
RA18_18-11_1,cell_997,6
RA18_18-11_1,cell_998,8
RA18_18-11_1,cell_999,6
