condensed_format,annotation,type
chr18:48584855:AT/A,SMAD4 intron,snp
chr18:48584855:A/ATT,SMAD4 intron,snp
chr11:92577070:T/C,FAT3 intron,snp
chr14:75508280:GA/G,MLH3 intron,snp
chr10:88679200:C/T,# BMPR1A synonymous,snp
chr4:96035796:GAC/G,BMPR1B intron M12,snp
chrX:53565685:A/ACACTCTCT,HUWE1 intron RA19_10,snp
chr4:96073753:AAAT/A,BMPR1B intron RA19_10/RA19_21,snp
chr7:154760608:TCTG/T,PAXP1 Q434del RA19_21,snp
chr9:101911436:A/AT,TGFBR1 intron RA21_17,snp
chr11:64572557:A/G,MEN1 silent (noisy amplicon/LOH pattern),snp
chr2:203384776:CT/C,BMPR2 from TP12 (noisy amplicon/LOH pattern),snp
chr11:64572557:A/G,MEN1 His433 (noisy amplicon/LOH pattern),snp
chr14:105242966:T/C,AKT1 intron (noisy amplicon/LOH pattern),snp
chr5:38953665:GA/G,,snv
chr5:38953665:G/GA,,snv
chr4:187538942:T/A,,snv
chr4:187538942:T/G,,snv
chr7:151926977:A/G,,snv
chr11:64572557:A/G,,snv
chr4:96035796:GAC/G,BMPR1B intron,snv
chr18:48584855:A/AT,,snv
chr18:48584855:A/ATT,SMAD4 intron,snv
chr11:92577070:T/C,FAT3 intron,snv
chr18:45394653:G/A,SMAD2 intron,snv
chr5:68667298:G/T,RAD17 5_prime_UTR,snv
chr17:37881703:G/T,ERBB2 intron variant,snv
chr2:241660378:G/A,KIF1A p.Ser1615=,snv
chr3:38523684:C/T,ACVR2B intron_variant,snv
chr6:52149559:C/A,MCM3 2kb_upstream,snv
chr7:151927025:A/G,KMT2C Y987H,snv
chr7:151926945:G/A,KMT2C intron,snv
chr8:30933848:TA/T,WRN intron,snv
chr2:203379681:A/C,BMPR2 L200=,snv
chr5:68667280:G/T,RAD17 from TP6,snv
chr11:65631240:A/T,MUS81 from TP6,snv
chr1:27057923:A/G,ARID1A from RA15_16,snv
chr15:28422129:A/C,HERC2p.His3133Gln from M11,snv
chr17:7579896:G/A,TP53p.S6L,snv
chr1:115256535:G/C,NRAS,snv
chr7:151935730:T/C,KMT2Cintro,snv
chr1:27057923:A/G,ARID1Ap.H544R,snv